cdm_id|cdm_name|cdm_description|cdm_links|cdm_location|cdm_elevation|cdm_wsi|cdm_facility_type|cdm_date_established|cdm_date_closed|cdm_wmo_region|cdm_territory|cdm_valid_from|cdm_valid_to|cdm_version|cdm_change_date|cdm_user|cdm_status|cdm_comments|cdm_time_zone
6016527|PICKLE LAKE A|PICKLE LAKE A|[{"rel":"canonical", "href":"https://oscar.wmo.int/surface/#/search/station/stationReportDetails/0-20000-0-71845", "type":"text/html", "title":"Station details in OSCAR"},{"rel":"convertedfrom", "href":"https://api.weather.gc.ca/collections/climate-stations/items/6016527", "type":"text/html", "title":"Source of data"}]|SRID=4326;POINT( -90.214167  51.446389)|386.2|0-20000-0-71845|http://codes.wmo.int/wmdr/FacilityType/landFixed|1990-01-01 00:00:00|2012-07-12 13:00:00|http://codes.wmo.int/wmdr/WMORegion/northCentralAmericaCaribbean|http://codes.wmo.int/wmdr/TerritoryName/CAN|1990-02-01 01:00:00|2012-07-12 13:00:00|1|2023-02-16 22:56:48+0100|1|1|Initial download and ingest from ECCC|NA
615HMAK|TORONTO BUTTONVILLE A|TORONTO BUTTONVILLE A|[{"rel":"canonical", "href":"https://oscar.wmo.int/surface/#/search/station/stationReportDetails/0-20000-0-71639", "type":"text/html", "title":"Station details in OSCAR"},{"rel":"convertedfrom", "href":"https://api.weather.gc.ca/collections/climate-stations/items/615HMAK", "type":"text/html", "title":"Source of data"}]|SRID=4326;POINT( -79.370000  43.862222)|198.1|0-20000-0-71639|http://codes.wmo.int/wmdr/FacilityType/landFixed|1986-01-01 00:00:00|2015-05-21 13:00:00|http://codes.wmo.int/wmdr/WMORegion/northCentralAmericaCaribbean|http://codes.wmo.int/wmdr/TerritoryName/CAN|1986-06-01 00:00:00|2015-05-21 13:00:00|1|2023-02-16 22:56:48+0100|1|1|Initial download and ingest from ECCC|NA
6158665|TORONTO ISLAND A|TORONTO ISLAND A|[{"rel":"canonical", "href":"https://oscar.wmo.int/surface/#/search/station/stationReportDetails/0-20000-0-71265", "type":"text/html", "title":"Station details in OSCAR"},{"rel":"convertedfrom", "href":"https://api.weather.gc.ca/collections/climate-stations/items/6158665", "type":"text/html", "title":"Source of data"}]|SRID=4326;POINT( -79.395000  43.628611)|76.5|0-20000-0-71265|http://codes.wmo.int/wmdr/FacilityType/landFixed|1957-01-01 00:00:00|2006-03-31 00:00:00|http://codes.wmo.int/wmdr/WMORegion/northCentralAmericaCaribbean|http://codes.wmo.int/wmdr/TerritoryName/CAN|1957-02-06 08:00:00|2006-03-27 15:00:00|1|2023-02-16 22:56:48+0100|1|1|Initial download and ingest from ECCC|NA
6074211|KIRKLAND LAKE CS|KIRKLAND LAKE CS|[{"rel":"canonical", "href":"https://oscar.wmo.int/surface/#/search/station/stationReportDetails/0-20000-0-71301", "type":"text/html", "title":"Station details in OSCAR"},{"rel":"convertedfrom", "href":"https://api.weather.gc.ca/collections/climate-stations/items/6074211", "type":"text/html", "title":"Source of data"}]|SRID=4326;POINT( -80.000000  48.150000)|324|0-20000-0-71301|http://codes.wmo.int/wmdr/FacilityType/landFixed|1997-06-01 00:00:00|2022-08-25 19:00:00|http://codes.wmo.int/wmdr/WMORegion/northCentralAmericaCaribbean|http://codes.wmo.int/wmdr/TerritoryName/CAN|2001-12-05 00:00:00|2022-08-25 19:00:00|1|2023-02-16 22:56:48+0100|1|1|Initial download and ingest from ECCC|NA
6075431|MOOSONEE AWOS|MOOSONEE AWOS|[{"rel":"canonical", "href":"https://oscar.wmo.int/surface/#/search/station/stationReportDetails/0-20000-0-71836", "type":"text/html", "title":"Station details in OSCAR"},{"rel":"convertedfrom", "href":"https://api.weather.gc.ca/collections/climate-stations/items/6075431", "type":"text/html", "title":"Source of data"}]|SRID=4326;POINT( -80.600000  51.283333)|9.1|0-20000-0-71836|http://codes.wmo.int/wmdr/FacilityType/landFixed|2006-01-01 00:00:00|2010-09-23 13:00:00|http://codes.wmo.int/wmdr/WMORegion/northCentralAmericaCaribbean|http://codes.wmo.int/wmdr/TerritoryName/CAN|2006-01-01 02:00:00|2010-09-23 13:00:00|1|2023-02-16 22:56:48+0100|1|1|Initial download and ingest from ECCC|NA
6133362|HARROW CDA AUTO|HARROW CDA AUTO|[{"rel":"canonical", "href":"https://oscar.wmo.int/surface/#/search/station/stationReportDetails/0-20000-0-71298", "type":"text/html", "title":"Station details in OSCAR"},{"rel":"convertedfrom", "href":"https://api.weather.gc.ca/collections/climate-stations/items/6133362", "type":"text/html", "title":"Source of data"}]|SRID=4326;POINT( -82.900000  42.033333)|191|0-20000-0-71298|http://codes.wmo.int/wmdr/FacilityType/landFixed|2000-07-25 00:00:00|2023-02-15 08:30:09|http://codes.wmo.int/wmdr/WMORegion/northCentralAmericaCaribbean|http://codes.wmo.int/wmdr/TerritoryName/CAN|2000-07-25 17:00:00|2023-02-15 08:30:09|1|2023-02-16 22:56:48+0100|1|1|Initial download and ingest from ECCC|NA
6127519|SARNIA CLIMATE|SARNIA CLIMATE|[{"rel":"canonical", "href":"https://oscar.wmo.int/surface/#/search/station/stationReportDetails/0-20000-0-71746", "type":"text/html", "title":"Station details in OSCAR"},{"rel":"convertedfrom", "href":"https://api.weather.gc.ca/collections/climate-stations/items/6127519", "type":"text/html", "title":"Source of data"}]|SRID=4326;POINT( -82.300000  43.000000)|181|0-20000-0-71746|http://codes.wmo.int/wmdr/FacilityType/landFixed|2005-12-07 10:00:00|2023-02-15 08:30:09|http://codes.wmo.int/wmdr/WMORegion/northCentralAmericaCaribbean|http://codes.wmo.int/wmdr/TerritoryName/CAN|2005-12-07 10:00:00|2023-02-15 08:30:09|1|2023-02-16 22:56:48+0100|1|1|Initial download and ingest from ECCC|NA
6143089|GUELPH TURFGRASS|GUELPH TURFGRASS|[{"rel":"canonical", "href":"https://oscar.wmo.int/surface/#/search/station/stationReportDetails/0-20000-0-71833", "type":"text/html", "title":"Station details in OSCAR"},{"rel":"convertedfrom", "href":"https://api.weather.gc.ca/collections/climate-stations/items/6143089", "type":"text/html", "title":"Source of data"}]|SRID=4326;POINT( -80.216667  43.550000)|325|0-20000-0-71833|http://codes.wmo.int/wmdr/FacilityType/landFixed|2006-09-28 00:00:00|2022-04-12 07:00:00|http://codes.wmo.int/wmdr/WMORegion/northCentralAmericaCaribbean|http://codes.wmo.int/wmdr/TerritoryName/CAN|2006-12-15 11:00:00|2022-04-12 07:00:00|1|2023-02-16 22:56:48+0100|1|1|Initial download and ingest from ECCC|NA
6078282|TIMMINS CLIMATE|TIMMINS CLIMATE|[{"rel":"canonical", "href":"https://oscar.wmo.int/surface/#/search/station/stationReportDetails/0-20000-0-71193", "type":"text/html", "title":"Station details in OSCAR"},{"rel":"convertedfrom", "href":"https://api.weather.gc.ca/collections/climate-stations/items/6078282", "type":"text/html", "title":"Source of data"}]|SRID=4326;POINT( -81.390278  48.557222)|294.4|0-20000-0-71193|http://codes.wmo.int/wmdr/FacilityType/landFixed|2008-08-19 16:00:00|2023-02-15 08:30:09|http://codes.wmo.int/wmdr/WMORegion/northCentralAmericaCaribbean|http://codes.wmo.int/wmdr/TerritoryName/CAN|2008-08-19 16:00:00|2023-02-15 08:30:09|1|2023-02-16 22:56:48+0100|1|1|Initial download and ingest from ECCC|NA
6127510|SARNIA|SARNIA|[{"rel":"canonical", "href":"https://oscar.wmo.int/surface/#/search/station/stationReportDetails/0-20000-0-71704", "type":"text/html", "title":"Station details in OSCAR"},{"rel":"convertedfrom", "href":"https://api.weather.gc.ca/collections/climate-stations/items/6127510", "type":"text/html", "title":"Source of data"}]|SRID=4326;POINT( -82.308889  42.999444)|181.4|0-20000-0-71704|http://codes.wmo.int/wmdr/FacilityType/landFixed|2009-12-10 17:00:00|2023-02-15 08:30:09|http://codes.wmo.int/wmdr/WMORegion/northCentralAmericaCaribbean|http://codes.wmo.int/wmdr/TerritoryName/CAN|2009-12-10 17:00:00|2023-02-15 08:30:09|1|2023-02-16 22:56:48+0100|1|1|Initial download and ingest from ECCC|NA
6166415|PETERBOROUGH A|PETERBOROUGH A|[{"rel":"canonical", "href":"https://oscar.wmo.int/surface/#/search/station/stationReportDetails/0-20000-0-71436", "type":"text/html", "title":"Station details in OSCAR"},{"rel":"convertedfrom", "href":"https://api.weather.gc.ca/collections/climate-stations/items/6166415", "type":"text/html", "title":"Source of data"}]|SRID=4326;POINT( -78.363333  44.230000)|191.4|0-20000-0-71436|http://codes.wmo.int/wmdr/FacilityType/landFixed|2010-09-20 14:00:00|2023-02-15 08:30:09|http://codes.wmo.int/wmdr/WMORegion/northCentralAmericaCaribbean|http://codes.wmo.int/wmdr/TerritoryName/CAN|2010-09-20 14:00:00|2023-02-15 08:30:09|1|2023-02-16 22:56:48+0100|1|1|Initial download and ingest from ECCC|NA
6010735|BIG TROUT LAKE A|BIG TROUT LAKE A|[{"rel":"canonical", "href":"https://oscar.wmo.int/surface/#/search/station/stationReportDetails/0-20000-0-71675", "type":"text/html", "title":"Station details in OSCAR"},{"rel":"convertedfrom", "href":"https://api.weather.gc.ca/collections/climate-stations/items/6010735", "type":"text/html", "title":"Source of data"}]|SRID=4326;POINT( -89.896944  53.817778)|222.5|0-20000-0-71675|http://codes.wmo.int/wmdr/FacilityType/landFixed|2011-10-17 10:00:00|2023-02-05 02:00:00|http://codes.wmo.int/wmdr/WMORegion/northCentralAmericaCaribbean|http://codes.wmo.int/wmdr/TerritoryName/CAN|2011-10-17 10:00:00|2023-02-05 02:00:00|1|2023-02-16 22:56:48+0100|1|1|Initial download and ingest from ECCC|NA
6037800|SIOUX LOOKOUT AIRPORT|SIOUX LOOKOUT AIRPORT|[{"rel":"canonical", "href":"https://oscar.wmo.int/surface/#/search/station/stationReportDetails/0-20000-0-73017", "type":"text/html", "title":"Station details in OSCAR"},{"rel":"convertedfrom", "href":"https://api.weather.gc.ca/collections/climate-stations/items/6037800", "type":"text/html", "title":"Source of data"}]|SRID=4326;POINT( -91.905556  50.114167)|338.1|0-20000-0-73017|http://codes.wmo.int/wmdr/FacilityType/landFixed|2018-09-13 00:00:00|2023-02-15 08:30:09|http://codes.wmo.int/wmdr/WMORegion/northCentralAmericaCaribbean|http://codes.wmo.int/wmdr/TerritoryName/CAN|2018-09-13 22:00:00|2023-02-15 08:30:09|1|2023-02-16 22:56:48+0100|1|1|Initial download and ingest from ECCC|NA
6016525|PICKLE LAKE (AUT)|PICKLE LAKE (AUT)|[{"rel":"canonical", "href":"https://oscar.wmo.int/surface/#/search/station/stationReportDetails/0-20000-0-71835", "type":"text/html", "title":"Station details in OSCAR"},{"rel":"convertedfrom", "href":"https://api.weather.gc.ca/collections/climate-stations/items/6016525", "type":"text/html", "title":"Source of data"}]|SRID=4326;POINT( -90.217780  51.449167)|390.8|0-20000-0-71835|http://codes.wmo.int/wmdr/FacilityType/landFixed|1930-01-01 00:00:00|2023-02-15 08:30:09|http://codes.wmo.int/wmdr/WMORegion/northCentralAmericaCaribbean|http://codes.wmo.int/wmdr/TerritoryName/CAN|1955-10-26 12:00:00|2023-02-15 08:30:09|1|2023-02-16 22:56:48+0100|1|1|Initial download and ingest from ECCC|NA
6034075|KENORA A|KENORA A|[{"rel":"canonical", "href":"https://oscar.wmo.int/surface/#/search/station/stationReportDetails/0-20000-0-71850", "type":"text/html", "title":"Station details in OSCAR"},{"rel":"convertedfrom", "href":"https://api.weather.gc.ca/collections/climate-stations/items/6034075", "type":"text/html", "title":"Source of data"}]|SRID=4326;POINT( -94.365279  49.790279)|409.7|0-20000-0-71850|http://codes.wmo.int/wmdr/FacilityType/landFixed|1938-01-01 00:00:00|2013-02-14 12:00:00|http://codes.wmo.int/wmdr/WMORegion/northCentralAmericaCaribbean|http://codes.wmo.int/wmdr/TerritoryName/CAN|1953-01-01 00:00:00|2013-02-14 12:00:00|1|2023-02-16 22:56:48+0100|1|1|Initial download and ingest from ECCC|NA
6048232|TERRACE BAY AIRPORT|TERRACE BAY AIRPORT|[{"rel":"canonical", "href":"https://oscar.wmo.int/surface/#/search/station/stationReportDetails/0-20000-0-73018", "type":"text/html", "title":"Station details in OSCAR"},{"rel":"convertedfrom", "href":"https://api.weather.gc.ca/collections/climate-stations/items/6048232", "type":"text/html", "title":"Source of data"}]|SRID=4326;POINT( -87.091678  48.815571)|290|0-20000-0-73018|http://codes.wmo.int/wmdr/FacilityType/landFixed|2017-12-21 15:00:00|2023-02-15 08:30:09|http://codes.wmo.int/wmdr/WMORegion/northCentralAmericaCaribbean|http://codes.wmo.int/wmdr/TerritoryName/CAN|2017-12-21 15:00:00|2023-02-15 08:30:09|1|2023-02-16 22:56:48+0100|1|1|Initial download and ingest from ECCC|NA
613KLLM|ERIEAU (AUT)|ERIEAU (AUT)|[{"rel":"canonical", "href":"https://oscar.wmo.int/surface/#/search/station/stationReportDetails/0-20000-0-71465", "type":"text/html", "title":"Station details in OSCAR"},{"rel":"convertedfrom", "href":"https://api.weather.gc.ca/collections/climate-stations/items/613KLLM", "type":"text/html", "title":"Source of data"}]|SRID=4326;POINT( -81.900144  42.250115)|178|0-20000-0-71465|http://codes.wmo.int/wmdr/FacilityType/landFixed|1992-12-03 00:00:00|2023-02-15 08:30:09|http://codes.wmo.int/wmdr/WMORegion/northCentralAmericaCaribbean|http://codes.wmo.int/wmdr/TerritoryName/CAN|1994-02-01 02:00:00|2023-02-15 08:30:09|1|2023-02-16 22:56:48+0100|1|1|Initial download and ingest from ECCC|NA
6016295|PEAWANUCK (AUT)|PEAWANUCK (AUT)|[{"rel":"canonical", "href":"https://oscar.wmo.int/surface/#/search/station/stationReportDetails/0-20000-0-71434", "type":"text/html", "title":"Station details in OSCAR"},{"rel":"convertedfrom", "href":"https://api.weather.gc.ca/collections/climate-stations/items/6016295", "type":"text/html", "title":"Source of data"}]|SRID=4326;POINT( -85.433333  54.983333)|52.7|0-20000-0-71434|http://codes.wmo.int/wmdr/FacilityType/landFixed|1994-02-01 01:52:00|2023-02-13 04:00:00|http://codes.wmo.int/wmdr/WMORegion/northCentralAmericaCaribbean|http://codes.wmo.int/wmdr/TerritoryName/CAN|1994-02-01 01:52:00|2023-02-13 04:00:00|1|2023-02-16 22:56:48+0100|1|1|Initial download and ingest from ECCC|NA
6014353|LANSDOWNE HOUSE (AUT)|LANSDOWNE HOUSE (AUT)|[{"rel":"canonical", "href":"https://oscar.wmo.int/surface/#/search/station/stationReportDetails/0-20000-0-71846", "type":"text/html", "title":"Station details in OSCAR"},{"rel":"convertedfrom", "href":"https://api.weather.gc.ca/collections/climate-stations/items/6014353", "type":"text/html", "title":"Source of data"}]|SRID=4326;POINT( -87.936111  52.196111)|253.4|0-20000-0-71846|http://codes.wmo.int/wmdr/FacilityType/landFixed|1992-12-04 00:00:00|2023-02-15 08:30:09|http://codes.wmo.int/wmdr/WMORegion/northCentralAmericaCaribbean|http://codes.wmo.int/wmdr/TerritoryName/CAN|1994-02-01 02:00:00|2023-02-15 08:30:09|1|2023-02-16 22:56:48+0100|1|1|Initial download and ingest from ECCC|NA
6144478|LONDON CS|LONDON CS|[{"rel":"canonical", "href":"https://oscar.wmo.int/surface/#/search/station/stationReportDetails/0-20000-0-71622", "type":"text/html", "title":"Station details in OSCAR"},{"rel":"convertedfrom", "href":"https://api.weather.gc.ca/collections/climate-stations/items/6144478", "type":"text/html", "title":"Source of data"}]|SRID=4326;POINT( -81.150000  43.033333)|278|0-20000-0-71622|http://codes.wmo.int/wmdr/FacilityType/landFixed|1994-04-08 10:00:00|2023-02-15 08:30:09|http://codes.wmo.int/wmdr/WMORegion/northCentralAmericaCaribbean|http://codes.wmo.int/wmdr/TerritoryName/CAN|1994-04-08 10:00:00|2023-02-15 08:30:09|1|2023-02-16 22:56:48+0100|1|1|Initial download and ingest from ECCC|NA
616I001|BANCROFT AUTO|BANCROFT AUTO|[{"rel":"canonical", "href":"https://oscar.wmo.int/surface/#/search/station/stationReportDetails/0-20000-0-71294", "type":"text/html", "title":"Station details in OSCAR"},{"rel":"convertedfrom", "href":"https://api.weather.gc.ca/collections/climate-stations/items/616I001", "type":"text/html", "title":"Source of data"}]|SRID=4326;POINT( -77.878889  45.071389)|330.7|0-20000-0-71294|http://codes.wmo.int/wmdr/FacilityType/landFixed|1995-05-02 12:00:00|2023-02-15 08:30:09|http://codes.wmo.int/wmdr/WMORegion/northCentralAmericaCaribbean|http://codes.wmo.int/wmdr/TerritoryName/CAN|1995-05-02 12:00:00|2023-02-15 08:30:09|1|2023-02-16 22:56:48+0100|1|1|Initial download and ingest from ECCC|NA
611E001|EGBERT CS|EGBERT CS|[{"rel":"canonical", "href":"https://oscar.wmo.int/surface/#/search/station/stationReportDetails/0-20000-0-71296", "type":"text/html", "title":"Station details in OSCAR"},{"rel":"convertedfrom", "href":"https://api.weather.gc.ca/collections/climate-stations/items/611E001", "type":"text/html", "title":"Source of data"}]|SRID=4326;POINT( -79.783333  44.233333)|251|0-20000-0-71296|http://codes.wmo.int/wmdr/FacilityType/landFixed|2000-08-17 00:00:00|2023-02-15 08:30:09|http://codes.wmo.int/wmdr/WMORegion/northCentralAmericaCaribbean|http://codes.wmo.int/wmdr/TerritoryName/CAN|2000-08-18 01:00:00|2023-02-15 08:30:09|1|2023-02-16 22:56:48+0100|1|1|Initial download and ingest from ECCC|NA
6158875|TRENTON A|TRENTON A|[{"rel":"canonical", "href":"https://oscar.wmo.int/surface/#/search/station/stationReportDetails/0-20000-0-71621", "type":"text/html", "title":"Station details in OSCAR"},{"rel":"convertedfrom", "href":"https://api.weather.gc.ca/collections/climate-stations/items/6158875", "type":"text/html", "title":"Source of data"}]|SRID=4326;POINT( -77.528056  44.118889)|86.3|0-20000-0-71621|http://codes.wmo.int/wmdr/FacilityType/landFixed|1935-01-01 00:00:00|2023-02-15 08:30:09|http://codes.wmo.int/wmdr/WMORegion/northCentralAmericaCaribbean|http://codes.wmo.int/wmdr/TerritoryName/CAN|1953-01-01 00:00:00|2023-02-15 08:30:09|1|2023-02-16 22:56:48+0100|1|1|Initial download and ingest from ECCC|NA
6073980|KAPUSKASING CDA ON|KAPUSKASING CDA ON|[{"rel":"canonical", "href":"https://oscar.wmo.int/surface/#/search/station/stationReportDetails/0-20000-0-71299", "type":"text/html", "title":"Station details in OSCAR"},{"rel":"convertedfrom", "href":"https://api.weather.gc.ca/collections/climate-stations/items/6073980", "type":"text/html", "title":"Source of data"}]|SRID=4326;POINT( -82.443611  49.406389)|218|0-20000-0-71299|http://codes.wmo.int/wmdr/FacilityType/landFixed|2000-08-07 20:00:00|2023-02-15 08:30:09|http://codes.wmo.int/wmdr/WMORegion/northCentralAmericaCaribbean|http://codes.wmo.int/wmdr/TerritoryName/CAN|2000-08-07 20:00:00|2023-02-15 08:30:09|1|2023-02-16 22:56:48+0100|1|1|Initial download and ingest from ECCC|NA
6106398|PETAWAWA A|PETAWAWA A|[{"rel":"canonical", "href":"https://oscar.wmo.int/surface/#/search/station/stationReportDetails/0-20000-0-71625", "type":"text/html", "title":"Station details in OSCAR"},{"rel":"convertedfrom", "href":"https://api.weather.gc.ca/collections/climate-stations/items/6106398", "type":"text/html", "title":"Source of data"}]|SRID=4326;POINT( -77.316667  45.950000)|130.1|0-20000-0-71625|http://codes.wmo.int/wmdr/FacilityType/landFixed|1969-06-02 07:00:00|2023-02-15 08:30:09|http://codes.wmo.int/wmdr/WMORegion/northCentralAmericaCaribbean|http://codes.wmo.int/wmdr/TerritoryName/CAN|1969-06-02 07:00:00|2023-02-15 08:30:09|1|2023-02-16 22:56:48+0100|1|1|Initial download and ingest from ECCC|NA
6142286|ELORA RCS|ELORA RCS|[{"rel":"canonical", "href":"https://oscar.wmo.int/surface/#/search/station/stationReportDetails/0-20000-0-71352", "type":"text/html", "title":"Station details in OSCAR"},{"rel":"convertedfrom", "href":"https://api.weather.gc.ca/collections/climate-stations/items/6142286", "type":"text/html", "title":"Source of data"}]|SRID=4326;POINT( -80.416667  43.650000)|376.4|0-20000-0-71352|http://codes.wmo.int/wmdr/FacilityType/landFixed|2003-09-09 09:00:00|2023-02-15 08:30:09|http://codes.wmo.int/wmdr/WMORegion/northCentralAmericaCaribbean|http://codes.wmo.int/wmdr/TerritoryName/CAN|2003-09-09 09:00:00|2023-02-15 08:30:09|1|2023-02-16 22:56:48+0100|1|1|Initial download and ingest from ECCC|NA
6115529|MUSKOKA|MUSKOKA|[{"rel":"canonical", "href":"https://oscar.wmo.int/surface/#/search/station/stationReportDetails/0-20000-0-71532", "type":"text/html", "title":"Station details in OSCAR"},{"rel":"convertedfrom", "href":"https://api.weather.gc.ca/collections/climate-stations/items/6115529", "type":"text/html", "title":"Source of data"}]|SRID=4326;POINT( -79.303333  44.974722)|281.9|0-20000-0-71532|http://codes.wmo.int/wmdr/FacilityType/landFixed|2009-07-06 00:00:00|2023-02-15 08:30:09|http://codes.wmo.int/wmdr/WMORegion/northCentralAmericaCaribbean|http://codes.wmo.int/wmdr/TerritoryName/CAN|2009-08-27 09:00:00|2023-02-15 08:30:09|1|2023-02-16 22:56:48+0100|1|1|Initial download and ingest from ECCC|NA
6155875|OSHAWA|OSHAWA|[{"rel":"canonical", "href":"https://oscar.wmo.int/surface/#/search/station/stationReportDetails/0-20000-0-71697", "type":"text/html", "title":"Station details in OSCAR"},{"rel":"convertedfrom", "href":"https://api.weather.gc.ca/collections/climate-stations/items/6155875", "type":"text/html", "title":"Source of data"}]|SRID=4326;POINT( -78.883345  43.922778)|139.9|0-20000-0-71697|http://codes.wmo.int/wmdr/FacilityType/landFixed|2010-06-03 00:00:00|2023-02-15 08:30:09|http://codes.wmo.int/wmdr/WMORegion/northCentralAmericaCaribbean|http://codes.wmo.int/wmdr/TerritoryName/CAN|2010-06-03 14:00:00|2023-02-15 08:30:09|1|2023-02-16 22:56:48+0100|1|1|Initial download and ingest from ECCC|NA
6106367|PEMBROKE CLIMATE|PEMBROKE CLIMATE|[{"rel":"canonical", "href":"https://oscar.wmo.int/surface/#/search/station/stationReportDetails/0-20000-0-71196", "type":"text/html", "title":"Station details in OSCAR"},{"rel":"convertedfrom", "href":"https://api.weather.gc.ca/collections/climate-stations/items/6106367", "type":"text/html", "title":"Source of data"}]|SRID=4326;POINT( -77.252222  45.860278)|161|0-20000-0-71196|http://codes.wmo.int/wmdr/FacilityType/landFixed|2010-11-10 00:00:00|2023-02-15 08:30:09|http://codes.wmo.int/wmdr/WMORegion/northCentralAmericaCaribbean|http://codes.wmo.int/wmdr/TerritoryName/CAN|2010-11-10 14:00:00|2023-02-15 08:30:09|1|2023-02-16 22:56:48+0100|1|1|Initial download and ingest from ECCC|NA
6119500|WIARTON A|WIARTON A|[{"rel":"canonical", "href":"https://oscar.wmo.int/surface/#/search/station/stationReportDetails/0-20000-0-71633", "type":"text/html", "title":"Station details in OSCAR"},{"rel":"convertedfrom", "href":"https://api.weather.gc.ca/collections/climate-stations/items/6119500", "type":"text/html", "title":"Source of data"}]|SRID=4326;POINT( -81.107222  44.745833)|222.2|0-20000-0-71633|http://codes.wmo.int/wmdr/FacilityType/landFixed|1947-01-01 00:00:00|2014-11-06 15:00:00|http://codes.wmo.int/wmdr/WMORegion/northCentralAmericaCaribbean|http://codes.wmo.int/wmdr/TerritoryName/CAN|1953-01-01 00:00:00|2014-11-06 15:00:00|1|2023-02-16 22:56:48+0100|1|1|Initial download and ingest from ECCC|NA
6078286|TIMMINS A|TIMMINS A|[{"rel":"canonical", "href":"https://oscar.wmo.int/surface/#/search/station/stationReportDetails/0-20000-0-71739", "type":"text/html", "title":"Station details in OSCAR"},{"rel":"convertedfrom", "href":"https://api.weather.gc.ca/collections/climate-stations/items/6078286", "type":"text/html", "title":"Source of data"}]|SRID=4326;POINT( -81.376667  48.570556)|294.7|0-20000-0-71739|http://codes.wmo.int/wmdr/FacilityType/landFixed|2012-07-09 14:00:00|2023-02-15 08:30:09|http://codes.wmo.int/wmdr/WMORegion/northCentralAmericaCaribbean|http://codes.wmo.int/wmdr/TerritoryName/CAN|2012-07-09 14:00:00|2023-02-15 08:30:09|1|2023-02-16 22:56:48+0100|1|1|Initial download and ingest from ECCC|NA
6034076|KENORA A|KENORA A|[{"rel":"canonical", "href":"https://oscar.wmo.int/surface/#/search/station/stationReportDetails/0-20000-0-71850", "type":"text/html", "title":"Station details in OSCAR"},{"rel":"convertedfrom", "href":"https://api.weather.gc.ca/collections/climate-stations/items/6034076", "type":"text/html", "title":"Source of data"}]|SRID=4326;POINT( -94.363056  49.788333)|409.7|0-20000-0-71850|http://codes.wmo.int/wmdr/FacilityType/landFixed|2013-01-08 00:00:00|2023-02-15 08:30:09|http://codes.wmo.int/wmdr/WMORegion/northCentralAmericaCaribbean|http://codes.wmo.int/wmdr/TerritoryName/CAN|2013-02-13 09:00:00|2023-02-15 08:30:09|1|2023-02-16 22:56:48+0100|1|1|Initial download and ingest from ECCC|NA
6037776|SIOUX LOOKOUT A|SIOUX LOOKOUT A|[{"rel":"canonical", "href":"https://oscar.wmo.int/surface/#/search/station/stationReportDetails/0-20000-0-71842", "type":"text/html", "title":"Station details in OSCAR"},{"rel":"convertedfrom", "href":"https://api.weather.gc.ca/collections/climate-stations/items/6037776", "type":"text/html", "title":"Source of data"}]|SRID=4326;POINT( -91.908056  50.114167)|383.1|0-20000-0-71842|http://codes.wmo.int/wmdr/FacilityType/landFixed|2013-02-13 09:00:00|2023-02-15 08:30:09|http://codes.wmo.int/wmdr/WMORegion/northCentralAmericaCaribbean|http://codes.wmo.int/wmdr/TerritoryName/CAN|2013-02-13 09:00:00|2023-02-15 08:30:09|1|2023-02-16 22:56:48+0100|1|1|Initial download and ingest from ECCC|NA
6140942|BRANTFORD AIRPORT|BRANTFORD AIRPORT|[{"rel":"canonical", "href":"https://oscar.wmo.int/surface/#/search/station/stationReportDetails/0-20000-0-71602", "type":"text/html", "title":"Station details in OSCAR"},{"rel":"convertedfrom", "href":"https://api.weather.gc.ca/collections/climate-stations/items/6140942", "type":"text/html", "title":"Source of data"}]|SRID=4326;POINT( -80.331389  43.137500)|245.5|0-20000-0-71602|http://codes.wmo.int/wmdr/FacilityType/landFixed|2014-12-11 04:00:00|2023-02-15 08:30:09|http://codes.wmo.int/wmdr/WMORegion/northCentralAmericaCaribbean|http://codes.wmo.int/wmdr/TerritoryName/CAN|2014-12-11 04:00:00|2023-02-15 08:30:09|1|2023-02-16 22:56:48+0100|1|1|Initial download and ingest from ECCC|NA
6057593|SAULT STE. MARIE AIRPORT|SAULT STE. MARIE AIRPORT|[{"rel":"canonical", "href":"https://oscar.wmo.int/surface/#/search/station/stationReportDetails/0-20000-0-73070", "type":"text/html", "title":"Station details in OSCAR"},{"rel":"convertedfrom", "href":"https://api.weather.gc.ca/collections/climate-stations/items/6057593", "type":"text/html", "title":"Source of data"}]|SRID=4326;POINT( -84.516667  46.478056)|187|0-20000-0-73070|http://codes.wmo.int/wmdr/FacilityType/landFixed|2019-02-08 00:00:00|2023-02-15 08:30:09|http://codes.wmo.int/wmdr/WMORegion/northCentralAmericaCaribbean|http://codes.wmo.int/wmdr/TerritoryName/CAN|2019-02-09 00:00:00|2023-02-15 08:30:09|1|2023-02-16 22:56:48+0100|1|1|Initial download and ingest from ECCC|NA
6119M51|WESTERN ISLAND (AUT)|WESTERN ISLAND (AUT)|[{"rel":"canonical", "href":"https://oscar.wmo.int/surface/#/search/station/stationReportDetails/0-20000-0-71438", "type":"text/html", "title":"Station details in OSCAR"},{"rel":"convertedfrom", "href":"https://api.weather.gc.ca/collections/climate-stations/items/6119M51", "type":"text/html", "title":"Source of data"}]|SRID=4326;POINT( -80.366667  45.033333)|191.1|0-20000-0-71438|http://codes.wmo.int/wmdr/FacilityType/landFixed|1994-03-17 11:27:00|2023-02-07 10:00:00|http://codes.wmo.int/wmdr/WMORegion/northCentralAmericaCaribbean|http://codes.wmo.int/wmdr/TerritoryName/CAN|1994-03-17 11:27:00|2023-02-07 10:00:00|1|2023-02-16 22:56:48+0100|1|1|Initial download and ingest from ECCC|NA
6156559|POINT PETRE (AUT)|POINT PETRE (AUT)|[{"rel":"canonical", "href":"https://oscar.wmo.int/surface/#/search/station/stationReportDetails/0-20000-0-71430", "type":"text/html", "title":"Station details in OSCAR"},{"rel":"convertedfrom", "href":"https://api.weather.gc.ca/collections/climate-stations/items/6156559", "type":"text/html", "title":"Source of data"}]|SRID=4326;POINT( -77.150000  43.833333)|78.6|0-20000-0-71430|http://codes.wmo.int/wmdr/FacilityType/landFixed|1992-12-14 00:00:00|2023-02-15 08:30:09|http://codes.wmo.int/wmdr/WMORegion/northCentralAmericaCaribbean|http://codes.wmo.int/wmdr/TerritoryName/CAN|1993-10-31 19:00:00|2023-02-15 08:30:09|1|2023-02-16 22:56:48+0100|1|1|Initial download and ingest from ECCC|NA
6153194|HAMILTON A|HAMILTON A|[{"rel":"canonical", "href":"https://oscar.wmo.int/surface/#/search/station/stationReportDetails/0-20000-0-71263", "type":"text/html", "title":"Station details in OSCAR"},{"rel":"convertedfrom", "href":"https://api.weather.gc.ca/collections/climate-stations/items/6153194", "type":"text/html", "title":"Source of data"}]|SRID=4326;POINT( -79.934177  43.171687)|237.7|0-20000-0-71263|http://codes.wmo.int/wmdr/FacilityType/landFixed|1959-01-01 00:00:00|2011-12-15 13:00:00|http://codes.wmo.int/wmdr/WMORegion/northCentralAmericaCaribbean|http://codes.wmo.int/wmdr/TerritoryName/CAN|1970-01-15 12:00:00|2011-12-15 13:00:00|1|2023-02-16 22:56:48+0100|1|1|Initial download and ingest from ECCC|NA
6158355|TORONTO CITY|TORONTO CITY|[{"rel":"canonical", "href":"https://oscar.wmo.int/surface/#/search/station/stationReportDetails/0-20000-0-71508", "type":"text/html", "title":"Station details in OSCAR"},{"rel":"convertedfrom", "href":"https://api.weather.gc.ca/collections/climate-stations/items/6158355", "type":"text/html", "title":"Source of data"}]|SRID=4326;POINT( -79.400000  43.666667)|112.5|0-20000-0-71508|http://codes.wmo.int/wmdr/FacilityType/landFixed|2002-06-04 00:00:00|2023-02-15 08:30:09|http://codes.wmo.int/wmdr/WMORegion/northCentralAmericaCaribbean|http://codes.wmo.int/wmdr/TerritoryName/CAN|2002-06-04 16:00:00|2023-02-15 08:30:09|1|2023-02-16 22:56:48+0100|1|1|Initial download and ingest from ECCC|NA
6137154|RIDGETOWN RCS|RIDGETOWN RCS|[{"rel":"canonical", "href":"https://oscar.wmo.int/surface/#/search/station/stationReportDetails/0-20000-0-71307", "type":"text/html", "title":"Station details in OSCAR"},{"rel":"convertedfrom", "href":"https://api.weather.gc.ca/collections/climate-stations/items/6137154", "type":"text/html", "title":"Source of data"}]|SRID=4326;POINT( -81.883333  42.450000)|205.7|0-20000-0-71307|http://codes.wmo.int/wmdr/FacilityType/landFixed|2003-02-01 00:00:00|2023-02-15 08:30:09|http://codes.wmo.int/wmdr/WMORegion/northCentralAmericaCaribbean|http://codes.wmo.int/wmdr/TerritoryName/CAN|2003-02-24 12:00:00|2023-02-15 08:30:09|1|2023-02-16 22:56:48+0100|1|1|Initial download and ingest from ECCC|NA
6075435|MOOSONEE RCS|MOOSONEE RCS|[{"rel":"canonical", "href":"https://oscar.wmo.int/surface/#/search/station/stationReportDetails/0-20000-0-71309", "type":"text/html", "title":"Station details in OSCAR"},{"rel":"convertedfrom", "href":"https://api.weather.gc.ca/collections/climate-stations/items/6075435", "type":"text/html", "title":"Source of data"}]|SRID=4326;POINT( -80.618056  51.291667)|9.1|0-20000-0-71309|http://codes.wmo.int/wmdr/FacilityType/landFixed|2003-11-01 00:00:00|2022-11-25 05:00:00|http://codes.wmo.int/wmdr/WMORegion/northCentralAmericaCaribbean|http://codes.wmo.int/wmdr/TerritoryName/CAN|2003-11-05 12:00:00|2022-11-25 05:00:00|1|2023-02-16 22:56:48+0100|1|1|Initial download and ingest from ECCC|NA
6158359|TORONTO CITY CENTRE|TORONTO CITY CENTRE|[{"rel":"canonical", "href":"https://oscar.wmo.int/surface/#/search/station/stationReportDetails/0-20000-0-71265", "type":"text/html", "title":"Station details in OSCAR"},{"rel":"convertedfrom", "href":"https://api.weather.gc.ca/collections/climate-stations/items/6158359", "type":"text/html", "title":"Source of data"}]|SRID=4326;POINT( -79.396111  43.627500)|76.8|0-20000-0-71265|http://codes.wmo.int/wmdr/FacilityType/landFixed|2009-12-10 17:00:00|2023-02-15 08:30:09|http://codes.wmo.int/wmdr/WMORegion/northCentralAmericaCaribbean|http://codes.wmo.int/wmdr/TerritoryName/CAN|2009-12-10 17:00:00|2023-02-15 08:30:09|1|2023-02-16 22:56:48+0100|1|1|Initial download and ingest from ECCC|NA
6016529|PICKLE LAKE A|PICKLE LAKE A|[{"rel":"canonical", "href":"https://oscar.wmo.int/surface/#/search/station/stationReportDetails/0-20000-0-71845", "type":"text/html", "title":"Station details in OSCAR"},{"rel":"convertedfrom", "href":"https://api.weather.gc.ca/collections/climate-stations/items/6016529", "type":"text/html", "title":"Source of data"}]|SRID=4326;POINT( -90.214167  51.446389)|386.2|0-20000-0-71845|http://codes.wmo.int/wmdr/FacilityType/landFixed|2012-07-09 13:00:00|2019-08-13 13:00:00|http://codes.wmo.int/wmdr/WMORegion/northCentralAmericaCaribbean|http://codes.wmo.int/wmdr/TerritoryName/CAN|2012-07-09 13:00:00|2019-08-13 13:00:00|1|2023-02-16 22:56:48+0100|1|1|Initial download and ingest from ECCC|NA
6085680|NORTH BAY A|NORTH BAY A|[{"rel":"canonical", "href":"https://oscar.wmo.int/surface/#/search/station/stationReportDetails/0-20000-0-71731", "type":"text/html", "title":"Station details in OSCAR"},{"rel":"convertedfrom", "href":"https://api.weather.gc.ca/collections/climate-stations/items/6085680", "type":"text/html", "title":"Source of data"}]|SRID=4326;POINT( -79.424167  46.363889)|370.3|0-20000-0-71731|http://codes.wmo.int/wmdr/FacilityType/landFixed|2014-05-29 00:00:00|2023-02-15 08:30:09|http://codes.wmo.int/wmdr/WMORegion/northCentralAmericaCaribbean|http://codes.wmo.int/wmdr/TerritoryName/CAN|2014-05-29 08:00:00|2023-02-15 08:30:09|1|2023-02-16 22:56:48+0100|1|1|Initial download and ingest from ECCC|NA
6020LPQ|ATIKOKAN (AUT)|ATIKOKAN (AUT)|[{"rel":"canonical", "href":"https://oscar.wmo.int/surface/#/search/station/stationReportDetails/0-20000-0-71747", "type":"text/html", "title":"Station details in OSCAR"},{"rel":"convertedfrom", "href":"https://api.weather.gc.ca/collections/climate-stations/items/6020LPQ", "type":"text/html", "title":"Source of data"}]|SRID=4326;POINT( -91.628056  48.761111)|389.3|0-20000-0-71747|http://codes.wmo.int/wmdr/FacilityType/landFixed|1994-02-01 01:00:00|2023-02-15 08:30:09|http://codes.wmo.int/wmdr/WMORegion/northCentralAmericaCaribbean|http://codes.wmo.int/wmdr/TerritoryName/CAN|1994-02-01 01:00:00|2023-02-15 08:30:09|1|2023-02-16 22:56:48+0100|1|1|Initial download and ingest from ECCC|NA
6034073|KENORA RCS|KENORA RCS|[{"rel":"canonical", "href":"https://oscar.wmo.int/surface/#/search/station/stationReportDetails/0-20000-0-71151", "type":"text/html", "title":"Station details in OSCAR"},{"rel":"convertedfrom", "href":"https://api.weather.gc.ca/collections/climate-stations/items/6034073", "type":"text/html", "title":"Source of data"}]|SRID=4326;POINT( -94.377778  49.790556)|412.7|0-20000-0-71151|http://codes.wmo.int/wmdr/FacilityType/landFixed|2008-07-21 00:00:00|2023-02-15 08:30:09|http://codes.wmo.int/wmdr/WMORegion/northCentralAmericaCaribbean|http://codes.wmo.int/wmdr/TerritoryName/CAN|2008-07-21 11:00:00|2023-02-15 08:30:09|1|2023-02-16 22:56:48+0100|1|1|Initial download and ingest from ECCC|NA
6085695|NORTH BAY AIRPORT|NORTH BAY AIRPORT|[{"rel":"canonical", "href":"https://oscar.wmo.int/surface/#/search/station/stationReportDetails/0-20000-0-73016", "type":"text/html", "title":"Station details in OSCAR"},{"rel":"convertedfrom", "href":"https://api.weather.gc.ca/collections/climate-stations/items/6085695", "type":"text/html", "title":"Source of data"}]|SRID=4326;POINT( -79.402500  46.375000)|370.3|0-20000-0-73016|http://codes.wmo.int/wmdr/FacilityType/landFixed|2017-11-27 18:00:00|2023-02-15 08:30:09|http://codes.wmo.int/wmdr/WMORegion/northCentralAmericaCaribbean|http://codes.wmo.int/wmdr/TerritoryName/CAN|2017-11-27 18:00:00|2023-02-15 08:30:09|1|2023-02-16 22:56:48+0100|1|1|Initial download and ingest from ECCC|NA
6151061|BURLINGTON PIERS (AUT)|BURLINGTON PIERS (AUT)|[{"rel":"canonical", "href":"https://oscar.wmo.int/surface/#/search/station/stationReportDetails/0-20000-0-71437", "type":"text/html", "title":"Station details in OSCAR"},{"rel":"convertedfrom", "href":"https://api.weather.gc.ca/collections/climate-stations/items/6151061", "type":"text/html", "title":"Source of data"}]|SRID=4326;POINT( -79.800000  43.300000)|77.4|0-20000-0-71437|http://codes.wmo.int/wmdr/FacilityType/landFixed|1992-12-03 00:00:00|2023-02-15 08:30:09|http://codes.wmo.int/wmdr/WMORegion/northCentralAmericaCaribbean|http://codes.wmo.int/wmdr/TerritoryName/CAN|1994-02-01 02:00:00|2023-02-15 08:30:09|1|2023-02-16 22:56:48+0100|1|1|Initial download and ingest from ECCC|NA
6151684|COBOURG (AUT)|COBOURG (AUT)|[{"rel":"canonical", "href":"https://oscar.wmo.int/surface/#/search/station/stationReportDetails/0-20000-0-71431", "type":"text/html", "title":"Station details in OSCAR"},{"rel":"convertedfrom", "href":"https://api.weather.gc.ca/collections/climate-stations/items/6151684", "type":"text/html", "title":"Source of data"}]|SRID=4326;POINT( -78.166667  43.950000)|77.7|0-20000-0-71431|http://codes.wmo.int/wmdr/FacilityType/landFixed|1992-12-02 00:00:00|2023-02-15 08:30:09|http://codes.wmo.int/wmdr/WMORegion/northCentralAmericaCaribbean|http://codes.wmo.int/wmdr/TerritoryName/CAN|1993-10-31 19:00:00|2023-02-15 08:30:09|1|2023-02-16 22:56:48+0100|1|1|Initial download and ingest from ECCC|NA
6093005|GREAT DUCK ISLAND (AUT)|GREAT DUCK ISLAND (AUT)|[{"rel":"canonical", "href":"https://oscar.wmo.int/surface/#/search/station/stationReportDetails/0-20000-0-71462", "type":"text/html", "title":"Station details in OSCAR"},{"rel":"convertedfrom", "href":"https://api.weather.gc.ca/collections/climate-stations/items/6093005", "type":"text/html", "title":"Source of data"}]|SRID=4326;POINT( -82.950000  45.633333)|182.8|0-20000-0-71462|http://codes.wmo.int/wmdr/FacilityType/landFixed|1994-02-01 01:29:00|2021-05-12 08:00:00|http://codes.wmo.int/wmdr/WMORegion/northCentralAmericaCaribbean|http://codes.wmo.int/wmdr/TerritoryName/CAN|1994-02-01 01:29:00|2021-05-12 08:00:00|1|2023-02-16 22:56:48+0100|1|1|Initial download and ingest from ECCC|NA
613F606|PORT COLBORNE (AUT)|PORT COLBORNE (AUT)|[{"rel":"canonical", "href":"https://oscar.wmo.int/surface/#/search/station/stationReportDetails/0-20000-0-71463", "type":"text/html", "title":"Station details in OSCAR"},{"rel":"convertedfrom", "href":"https://api.weather.gc.ca/collections/climate-stations/items/613F606", "type":"text/html", "title":"Source of data"}]|SRID=4326;POINT( -79.250000  42.866667)|183.5|0-20000-0-71463|http://codes.wmo.int/wmdr/FacilityType/landFixed|1992-12-02 00:00:00|2023-01-24 18:00:00|http://codes.wmo.int/wmdr/WMORegion/northCentralAmericaCaribbean|http://codes.wmo.int/wmdr/TerritoryName/CAN|1994-02-01 02:00:00|2023-01-24 18:00:00|1|2023-02-16 22:56:48+0100|1|1|Initial download and ingest from ECCC|NA
6134F10|LONG POINT (AUT)|LONG POINT (AUT)|[{"rel":"canonical", "href":"https://oscar.wmo.int/surface/#/search/station/stationReportDetails/0-20000-0-71464", "type":"text/html", "title":"Station details in OSCAR"},{"rel":"convertedfrom", "href":"https://api.weather.gc.ca/collections/climate-stations/items/6134F10", "type":"text/html", "title":"Source of data"}]|SRID=4326;POINT( -80.050000  42.533333)|175|0-20000-0-71464|http://codes.wmo.int/wmdr/FacilityType/landFixed|1994-02-01 01:28:00|2023-02-15 08:30:09|http://codes.wmo.int/wmdr/WMORegion/northCentralAmericaCaribbean|http://codes.wmo.int/wmdr/TerritoryName/CAN|1994-02-01 01:28:00|2023-02-15 08:30:09|1|2023-02-16 22:56:48+0100|1|1|Initial download and ingest from ECCC|NA
6158350|TORONTO|TORONTO|[{"rel":"canonical", "href":"https://oscar.wmo.int/surface/#/search/station/stationReportDetails/0-20000-0-71266", "type":"text/html", "title":"Station details in OSCAR"},{"rel":"convertedfrom", "href":"https://api.weather.gc.ca/collections/climate-stations/items/6158350", "type":"text/html", "title":"Source of data"}]|SRID=4326;POINT( -79.400000  43.666667)|112.5|0-20000-0-71266|http://codes.wmo.int/wmdr/FacilityType/landFixed|1840-01-01 00:00:00|2017-04-27 00:00:00|http://codes.wmo.int/wmdr/WMORegion/northCentralAmericaCaribbean|http://codes.wmo.int/wmdr/TerritoryName/CAN|1953-01-01 01:00:00|1969-05-31 19:00:00|1|2023-02-16 22:56:48+0100|1|1|Initial download and ingest from ECCC|NA
6085700|NORTH BAY A|NORTH BAY A|[{"rel":"canonical", "href":"https://oscar.wmo.int/surface/#/search/station/stationReportDetails/0-20000-0-71731", "type":"text/html", "title":"Station details in OSCAR"},{"rel":"convertedfrom", "href":"https://api.weather.gc.ca/collections/climate-stations/items/6085700", "type":"text/html", "title":"Source of data"}]|SRID=4326;POINT( -79.422778  46.363611)|370.3|0-20000-0-71731|http://codes.wmo.int/wmdr/FacilityType/landFixed|1939-01-01 00:00:00|2013-01-17 13:00:00|http://codes.wmo.int/wmdr/WMORegion/northCentralAmericaCaribbean|http://codes.wmo.int/wmdr/TerritoryName/CAN|1953-01-01 00:00:00|2013-01-17 13:00:00|1|2023-02-16 22:56:48+0100|1|1|Initial download and ingest from ECCC|NA
6158733|TORONTO LESTER B. PEARSON INT'L A|TORONTO LESTER B. PEARSON INT'L A|[{"rel":"canonical", "href":"https://oscar.wmo.int/surface/#/search/station/stationReportDetails/0-20000-0-71624", "type":"text/html", "title":"Station details in OSCAR"},{"rel":"convertedfrom", "href":"https://api.weather.gc.ca/collections/climate-stations/items/6158733", "type":"text/html", "title":"Source of data"}]|SRID=4326;POINT( -79.630556  43.677222)|173.4|0-20000-0-71624|http://codes.wmo.int/wmdr/FacilityType/landFixed|1937-01-01 00:00:00|2013-06-13 13:00:00|http://codes.wmo.int/wmdr/WMORegion/northCentralAmericaCaribbean|http://codes.wmo.int/wmdr/TerritoryName/CAN|1953-01-01 00:00:00|2013-06-13 13:00:00|1|2023-02-16 22:56:48+0100|1|1|Initial download and ingest from ECCC|NA
6048268|THUNDER BAY CS|THUNDER BAY CS|[{"rel":"canonical", "href":"https://oscar.wmo.int/surface/#/search/station/stationReportDetails/0-20000-0-71667", "type":"text/html", "title":"Station details in OSCAR"},{"rel":"convertedfrom", "href":"https://api.weather.gc.ca/collections/climate-stations/items/6048268", "type":"text/html", "title":"Source of data"}]|SRID=4326;POINT( -89.327222  48.369444)|199.4|0-20000-0-71667|http://codes.wmo.int/wmdr/FacilityType/landFixed|2000-12-20 14:00:00|2023-02-15 08:30:09|http://codes.wmo.int/wmdr/WMORegion/northCentralAmericaCaribbean|http://codes.wmo.int/wmdr/TerritoryName/CAN|2000-12-20 14:00:00|2023-02-15 08:30:09|1|2023-02-16 22:56:48+0100|1|1|Initial download and ingest from ECCC|NA
6068145|SUDBURY CLIMATE|SUDBURY CLIMATE|[{"rel":"canonical", "href":"https://oscar.wmo.int/surface/#/search/station/stationReportDetails/0-20000-0-71733", "type":"text/html", "title":"Station details in OSCAR"},{"rel":"convertedfrom", "href":"https://api.weather.gc.ca/collections/climate-stations/items/6068145", "type":"text/html", "title":"Source of data"}]|SRID=4326;POINT( -80.796133  46.632247)|348|0-20000-0-71733|http://codes.wmo.int/wmdr/FacilityType/landFixed|2011-08-04 14:00:00|2023-02-15 08:30:09|http://codes.wmo.int/wmdr/WMORegion/northCentralAmericaCaribbean|http://codes.wmo.int/wmdr/TerritoryName/CAN|2011-08-04 14:00:00|2023-02-15 08:30:09|1|2023-02-16 22:56:48+0100|1|1|Initial download and ingest from ECCC|NA
6068153|SUDBURY A|SUDBURY A|[{"rel":"canonical", "href":"https://oscar.wmo.int/surface/#/search/station/stationReportDetails/0-20000-0-71730", "type":"text/html", "title":"Station details in OSCAR"},{"rel":"convertedfrom", "href":"https://api.weather.gc.ca/collections/climate-stations/items/6068153", "type":"text/html", "title":"Source of data"}]|SRID=4326;POINT( -80.797778  46.625556)|348.4|0-20000-0-71730|http://codes.wmo.int/wmdr/FacilityType/landFixed|2013-03-12 09:00:00|2023-02-15 08:30:09|http://codes.wmo.int/wmdr/WMORegion/northCentralAmericaCaribbean|http://codes.wmo.int/wmdr/TerritoryName/CAN|2013-03-12 09:00:00|2023-02-15 08:30:09|1|2023-02-16 22:56:48+0100|1|1|Initial download and ingest from ECCC|NA
6016970|RED LAKE A|RED LAKE A|[{"rel":"canonical", "href":"https://oscar.wmo.int/surface/#/search/station/stationReportDetails/0-20000-0-71854", "type":"text/html", "title":"Station details in OSCAR"},{"rel":"convertedfrom", "href":"https://api.weather.gc.ca/collections/climate-stations/items/6016970", "type":"text/html", "title":"Source of data"}]|SRID=4326;POINT( -93.793056  51.067222)|385.9|0-20000-0-71854|http://codes.wmo.int/wmdr/FacilityType/landFixed|2012-05-07 11:00:00|2023-02-15 08:30:09|http://codes.wmo.int/wmdr/WMORegion/northCentralAmericaCaribbean|http://codes.wmo.int/wmdr/TerritoryName/CAN|2012-05-07 11:00:00|2023-02-15 08:30:09|1|2023-02-16 22:56:48+0100|1|1|Initial download and ingest from ECCC|NA
6158410|TORONTO BUTTONVILLE A|TORONTO BUTTONVILLE A|[{"rel":"canonical", "href":"https://oscar.wmo.int/surface/#/search/station/stationReportDetails/0-20000-0-71639", "type":"text/html", "title":"Station details in OSCAR"},{"rel":"convertedfrom", "href":"https://api.weather.gc.ca/collections/climate-stations/items/6158410", "type":"text/html", "title":"Source of data"}]|SRID=4326;POINT( -79.368611  43.860833)|198.1|0-20000-0-71639|http://codes.wmo.int/wmdr/FacilityType/landFixed|2015-05-21 00:00:00|2019-01-03 04:00:00|http://codes.wmo.int/wmdr/WMORegion/northCentralAmericaCaribbean|http://codes.wmo.int/wmdr/TerritoryName/CAN|2015-05-26 10:00:00|2019-01-03 04:00:00|1|2023-02-16 22:56:48+0100|1|1|Initial download and ingest from ECCC|NA
6122847|GODERICH|GODERICH|[{"rel":"canonical", "href":"https://oscar.wmo.int/surface/#/search/station/stationReportDetails/0-20000-0-71261", "type":"text/html", "title":"Station details in OSCAR"},{"rel":"convertedfrom", "href":"https://api.weather.gc.ca/collections/climate-stations/items/6122847", "type":"text/html", "title":"Source of data"}]|SRID=4326;POINT( -81.716667  43.766667)|213.7|0-20000-0-71261|http://codes.wmo.int/wmdr/FacilityType/landFixed|1986-12-31 19:00:00|2023-02-15 08:30:09|http://codes.wmo.int/wmdr/WMORegion/northCentralAmericaCaribbean|http://codes.wmo.int/wmdr/TerritoryName/CAN|1986-12-31 19:00:00|2023-02-15 08:30:09|1|2023-02-16 22:56:48+0100|1|1|Initial download and ingest from ECCC|NA
6136699|PORT WELLER (AUT)|PORT WELLER (AUT)|[{"rel":"canonical", "href":"https://oscar.wmo.int/surface/#/search/station/stationReportDetails/0-20000-0-71432", "type":"text/html", "title":"Station details in OSCAR"},{"rel":"convertedfrom", "href":"https://api.weather.gc.ca/collections/climate-stations/items/6136699", "type":"text/html", "title":"Source of data"}]|SRID=4326;POINT( -79.216667  43.250000)|79|0-20000-0-71432|http://codes.wmo.int/wmdr/FacilityType/landFixed|1992-12-02 00:00:00|2023-02-15 08:30:09|http://codes.wmo.int/wmdr/WMORegion/northCentralAmericaCaribbean|http://codes.wmo.int/wmdr/TerritoryName/CAN|1993-09-30 19:00:00|2023-02-15 08:30:09|1|2023-02-16 22:56:48+0100|1|1|Initial download and ingest from ECCC|NA
6049095|UPSALA (AUT)|UPSALA (AUT)|[{"rel":"canonical", "href":"https://oscar.wmo.int/surface/#/search/station/stationReportDetails/0-20000-0-71435", "type":"text/html", "title":"Station details in OSCAR"},{"rel":"convertedfrom", "href":"https://api.weather.gc.ca/collections/climate-stations/items/6049095", "type":"text/html", "title":"Source of data"}]|SRID=4326;POINT( -90.466667  49.033333)|488.5|0-20000-0-71435|http://codes.wmo.int/wmdr/FacilityType/landFixed|1972-01-01 00:00:00|2023-02-15 08:30:09|http://codes.wmo.int/wmdr/WMORegion/northCentralAmericaCaribbean|http://codes.wmo.int/wmdr/TerritoryName/CAN|1994-02-01 03:00:00|2023-02-15 08:30:09|1|2023-02-16 22:56:48+0100|1|1|Initial download and ingest from ECCC|NA
6137937|SOUTHEAST SHOAL (AUT)|SOUTHEAST SHOAL (AUT)|[{"rel":"canonical", "href":"https://oscar.wmo.int/surface/#/search/station/stationReportDetails/0-20000-0-71466", "type":"text/html", "title":"Station details in OSCAR"},{"rel":"convertedfrom", "href":"https://api.weather.gc.ca/collections/climate-stations/items/6137937", "type":"text/html", "title":"Source of data"}]|SRID=4326;POINT( -82.466667  41.833333)|195.3|0-20000-0-71466|http://codes.wmo.int/wmdr/FacilityType/landFixed|1994-03-29 12:27:00|2016-12-15 19:00:00|http://codes.wmo.int/wmdr/WMORegion/northCentralAmericaCaribbean|http://codes.wmo.int/wmdr/TerritoryName/CAN|1994-03-29 12:27:00|2016-12-15 19:00:00|1|2023-02-16 22:56:48+0100|1|1|Initial download and ingest from ECCC|NA
6068150|SUDBURY A|SUDBURY A|[{"rel":"canonical", "href":"https://oscar.wmo.int/surface/#/search/station/stationReportDetails/0-20000-0-71730", "type":"text/html", "title":"Station details in OSCAR"},{"rel":"convertedfrom", "href":"https://api.weather.gc.ca/collections/climate-stations/items/6068150", "type":"text/html", "title":"Source of data"}]|SRID=4326;POINT( -80.797778  46.625556)|348.4|0-20000-0-71730|http://codes.wmo.int/wmdr/FacilityType/landFixed|1954-01-01 00:00:00|2013-03-14 13:00:00|http://codes.wmo.int/wmdr/WMORegion/northCentralAmericaCaribbean|http://codes.wmo.int/wmdr/TerritoryName/CAN|1954-01-18 11:00:00|2013-03-14 13:00:00|1|2023-02-16 22:56:48+0100|1|1|Initial download and ingest from ECCC|NA
6111792|COLLINGWOOD|COLLINGWOOD|[{"rel":"canonical", "href":"https://oscar.wmo.int/surface/#/search/station/stationReportDetails/0-20000-0-71270", "type":"text/html", "title":"Station details in OSCAR"},{"rel":"convertedfrom", "href":"https://api.weather.gc.ca/collections/climate-stations/items/6111792", "type":"text/html", "title":"Source of data"}]|SRID=4326;POINT( -80.216667  44.500000)|178.3|0-20000-0-71270|http://codes.wmo.int/wmdr/FacilityType/landFixed|1994-02-01 02:00:00|2023-02-15 08:30:09|http://codes.wmo.int/wmdr/WMORegion/northCentralAmericaCaribbean|http://codes.wmo.int/wmdr/TerritoryName/CAN|1994-02-01 02:00:00|2023-02-15 08:30:09|1|2023-02-16 22:56:48+0100|1|1|Initial download and ingest from ECCC|NA
6117700|BARRIE-ORO|BARRIE-ORO|[{"rel":"canonical", "href":"https://oscar.wmo.int/surface/#/search/station/stationReportDetails/0-20000-0-71314", "type":"text/html", "title":"Station details in OSCAR"},{"rel":"convertedfrom", "href":"https://api.weather.gc.ca/collections/climate-stations/items/6117700", "type":"text/html", "title":"Source of data"}]|SRID=4326;POINT( -79.550000  44.483333)|289|0-20000-0-71314|http://codes.wmo.int/wmdr/FacilityType/landFixed|2003-10-30 19:00:00|2023-02-15 08:30:09|http://codes.wmo.int/wmdr/WMORegion/northCentralAmericaCaribbean|http://codes.wmo.int/wmdr/TerritoryName/CAN|2003-10-30 19:00:00|2023-02-15 08:30:09|1|2023-02-16 22:56:48+0100|1|1|Initial download and ingest from ECCC|NA
6166456|PETERBOROUGH TRENT U|PETERBOROUGH TRENT U|[{"rel":"canonical", "href":"https://oscar.wmo.int/surface/#/search/station/stationReportDetails/0-20000-0-71672", "type":"text/html", "title":"Station details in OSCAR"},{"rel":"convertedfrom", "href":"https://api.weather.gc.ca/collections/climate-stations/items/6166456", "type":"text/html", "title":"Source of data"}]|SRID=4326;POINT( -78.300000  44.350000)|216|0-20000-0-71672|http://codes.wmo.int/wmdr/FacilityType/landFixed|2005-05-12 10:00:00|2023-02-15 08:30:09|http://codes.wmo.int/wmdr/WMORegion/northCentralAmericaCaribbean|http://codes.wmo.int/wmdr/TerritoryName/CAN|2005-05-12 10:00:00|2023-02-15 08:30:09|1|2023-02-16 22:56:48+0100|1|1|Initial download and ingest from ECCC|NA
6139449|WELLAND-PELHAM|WELLAND-PELHAM|[{"rel":"canonical", "href":"https://oscar.wmo.int/surface/#/search/station/stationReportDetails/0-20000-0-71752", "type":"text/html", "title":"Station details in OSCAR"},{"rel":"convertedfrom", "href":"https://api.weather.gc.ca/collections/climate-stations/items/6139449", "type":"text/html", "title":"Source of data"}]|SRID=4326;POINT( -79.333333  42.966667)|178|0-20000-0-71752|http://codes.wmo.int/wmdr/FacilityType/landFixed|2005-11-01 00:00:00|2023-02-15 08:30:09|http://codes.wmo.int/wmdr/WMORegion/northCentralAmericaCaribbean|http://codes.wmo.int/wmdr/TerritoryName/CAN|2005-11-23 08:00:00|2023-02-15 08:30:09|1|2023-02-16 22:56:48+0100|1|1|Initial download and ingest from ECCC|NA
6115525|MUSKOKA A|MUSKOKA A|[{"rel":"canonical", "href":"https://oscar.wmo.int/surface/#/search/station/stationReportDetails/0-20000-0-71630", "type":"text/html", "title":"Station details in OSCAR"},{"rel":"convertedfrom", "href":"https://api.weather.gc.ca/collections/climate-stations/items/6115525", "type":"text/html", "title":"Source of data"}]|SRID=4326;POINT( -79.300000  44.966667)|281.9|0-20000-0-71630|http://codes.wmo.int/wmdr/FacilityType/landFixed|1934-01-01 00:00:00|2015-12-10 00:00:00|http://codes.wmo.int/wmdr/WMORegion/northCentralAmericaCaribbean|http://codes.wmo.int/wmdr/TerritoryName/CAN|1953-01-01 00:00:00|2005-01-19 22:00:00|1|2023-02-16 22:56:48+0100|1|1|Initial download and ingest from ECCC|NA
6106001|OTTAWA INTL A|OTTAWA INTL A|[{"rel":"canonical", "href":"https://oscar.wmo.int/surface/#/search/station/stationReportDetails/0-20000-0-71628", "type":"text/html", "title":"Station details in OSCAR"},{"rel":"convertedfrom", "href":"https://api.weather.gc.ca/collections/climate-stations/items/6106001", "type":"text/html", "title":"Source of data"}]|SRID=4326;POINT( -75.666667  45.316667)|114.9|0-20000-0-71628|http://codes.wmo.int/wmdr/FacilityType/landFixed|2011-12-14 19:00:00|2023-02-15 08:30:09|http://codes.wmo.int/wmdr/WMORegion/northCentralAmericaCaribbean|http://codes.wmo.int/wmdr/TerritoryName/CAN|2011-12-14 19:00:00|2023-02-15 08:30:09|1|2023-02-16 22:56:48+0100|1|1|Initial download and ingest from ECCC|NA
6057591|SAULT STE MARIE A|SAULT STE MARIE A|[{"rel":"canonical", "href":"https://oscar.wmo.int/surface/#/search/station/stationReportDetails/0-20000-0-71260", "type":"text/html", "title":"Station details in OSCAR"},{"rel":"convertedfrom", "href":"https://api.weather.gc.ca/collections/climate-stations/items/6057591", "type":"text/html", "title":"Source of data"}]|SRID=4326;POINT( -84.509722  46.485000)|192|0-20000-0-71260|http://codes.wmo.int/wmdr/FacilityType/landFixed|2012-03-20 00:00:00|2023-02-15 08:30:09|http://codes.wmo.int/wmdr/WMORegion/northCentralAmericaCaribbean|http://codes.wmo.int/wmdr/TerritoryName/CAN|2012-03-20 14:00:00|2023-02-15 08:30:09|1|2023-02-16 22:56:48+0100|1|1|Initial download and ingest from ECCC|NA
6144473|LONDON A|LONDON A|[{"rel":"canonical", "href":"https://oscar.wmo.int/surface/#/search/station/stationReportDetails/0-20000-0-71623", "type":"text/html", "title":"Station details in OSCAR"},{"rel":"convertedfrom", "href":"https://api.weather.gc.ca/collections/climate-stations/items/6144473", "type":"text/html", "title":"Source of data"}]|SRID=4326;POINT( -81.151111  43.033056)|278|0-20000-0-71623|http://codes.wmo.int/wmdr/FacilityType/landFixed|2012-03-20 00:00:00|2023-02-15 08:30:09|http://codes.wmo.int/wmdr/WMORegion/northCentralAmericaCaribbean|http://codes.wmo.int/wmdr/TerritoryName/CAN|2012-03-20 14:00:00|2023-02-15 08:30:09|1|2023-02-16 22:56:48+0100|1|1|Initial download and ingest from ECCC|NA
6139525|WINDSOR A|WINDSOR A|[{"rel":"canonical", "href":"https://oscar.wmo.int/surface/#/search/station/stationReportDetails/0-20000-0-71538", "type":"text/html", "title":"Station details in OSCAR"},{"rel":"convertedfrom", "href":"https://api.weather.gc.ca/collections/climate-stations/items/6139525", "type":"text/html", "title":"Source of data"}]|SRID=4326;POINT( -82.955556  42.275556)|189.6|0-20000-0-71538|http://codes.wmo.int/wmdr/FacilityType/landFixed|1940-01-01 00:00:00|2014-10-02 13:00:00|http://codes.wmo.int/wmdr/WMORegion/northCentralAmericaCaribbean|http://codes.wmo.int/wmdr/TerritoryName/CAN|1953-01-01 00:00:00|2014-10-02 13:00:00|1|2023-02-16 22:56:48+0100|1|1|Initial download and ingest from ECCC|NA
6032125|DRYDEN REGIONAL|DRYDEN REGIONAL|[{"rel":"canonical", "href":"https://oscar.wmo.int/surface/#/search/station/stationReportDetails/0-20000-0-71527", "type":"text/html", "title":"Station details in OSCAR"},{"rel":"convertedfrom", "href":"https://api.weather.gc.ca/collections/climate-stations/items/6032125", "type":"text/html", "title":"Source of data"}]|SRID=4326;POINT( -92.744167  49.827500)|412.7|0-20000-0-71527|http://codes.wmo.int/wmdr/FacilityType/landFixed|2010-07-26 08:00:00|2023-02-15 08:30:09|http://codes.wmo.int/wmdr/WMORegion/northCentralAmericaCaribbean|http://codes.wmo.int/wmdr/TerritoryName/CAN|2010-07-26 08:00:00|2023-02-15 08:30:09|1|2023-02-16 22:56:48+0100|1|1|Initial download and ingest from ECCC|NA
6042719|GERALDTON AIRPORT|GERALDTON AIRPORT|[{"rel":"canonical", "href":"https://oscar.wmo.int/surface/#/search/station/stationReportDetails/0-20000-0-73071", "type":"text/html", "title":"Station details in OSCAR"},{"rel":"convertedfrom", "href":"https://api.weather.gc.ca/collections/climate-stations/items/6042719", "type":"text/html", "title":"Source of data"}]|SRID=4326;POINT( -86.932320  49.780910)|340|0-20000-0-73071|http://codes.wmo.int/wmdr/FacilityType/landFixed|2018-12-12 00:00:00|2023-02-15 08:30:09|http://codes.wmo.int/wmdr/WMORegion/northCentralAmericaCaribbean|http://codes.wmo.int/wmdr/TerritoryName/CAN|2018-12-13 00:00:00|2023-02-15 08:30:09|1|2023-02-16 22:56:48+0100|1|1|Initial download and ingest from ECCC|NA
6144475|LONDON INT'L AIRPORT|LONDON INT'L AIRPORT|[{"rel":"canonical", "href":"https://oscar.wmo.int/surface/#/search/station/stationReportDetails/0-20000-0-71623", "type":"text/html", "title":"Station details in OSCAR"},{"rel":"convertedfrom", "href":"https://api.weather.gc.ca/collections/climate-stations/items/6144475", "type":"text/html", "title":"Source of data"}]|SRID=4326;POINT( -81.151111  43.033056)|278|0-20000-0-71623|http://codes.wmo.int/wmdr/FacilityType/landFixed|1940-01-01 00:00:00|2017-04-14 00:00:00|http://codes.wmo.int/wmdr/WMORegion/northCentralAmericaCaribbean|http://codes.wmo.int/wmdr/TerritoryName/CAN|1953-01-01 00:00:00|2012-03-20 08:00:00|1|2023-02-16 22:56:48+0100|1|1|Initial download and ingest from ECCC|NA
6041222|CARIBOU ISLAND (AUT)|CARIBOU ISLAND (AUT)|[{"rel":"canonical", "href":"https://oscar.wmo.int/surface/#/search/station/stationReportDetails/0-20000-0-71433", "type":"text/html", "title":"Station details in OSCAR"},{"rel":"convertedfrom", "href":"https://api.weather.gc.ca/collections/climate-stations/items/6041222", "type":"text/html", "title":"Source of data"}]|SRID=4326;POINT( -85.833333  47.333333)|187|0-20000-0-71433|http://codes.wmo.int/wmdr/FacilityType/landFixed|1993-01-09 00:00:00|2023-02-15 08:30:09|http://codes.wmo.int/wmdr/WMORegion/northCentralAmericaCaribbean|http://codes.wmo.int/wmdr/TerritoryName/CAN|1994-02-01 01:53:00|2023-02-15 08:30:09|1|2023-02-16 22:56:48+0100|1|1|Initial download and ingest from ECCC|NA
6040325|ARMSTRONG (AUT)|ARMSTRONG (AUT)|[{"rel":"canonical", "href":"https://oscar.wmo.int/surface/#/search/station/stationReportDetails/0-20000-0-71841", "type":"text/html", "title":"Station details in OSCAR"},{"rel":"convertedfrom", "href":"https://api.weather.gc.ca/collections/climate-stations/items/6040325", "type":"text/html", "title":"Source of data"}]|SRID=4326;POINT( -88.905278  50.293611)|322.5|0-20000-0-71841|http://codes.wmo.int/wmdr/FacilityType/landFixed|1938-01-01 00:00:00|2023-02-15 08:30:09|http://codes.wmo.int/wmdr/WMORegion/northCentralAmericaCaribbean|http://codes.wmo.int/wmdr/TerritoryName/CAN|1953-01-01 00:00:00|2023-02-15 08:30:09|1|2023-02-16 22:56:48+0100|1|1|Initial download and ingest from ECCC|NA
6145504|MOUNT FOREST (AUT)|MOUNT FOREST (AUT)|[{"rel":"canonical", "href":"https://oscar.wmo.int/surface/#/search/station/stationReportDetails/0-20000-0-71631", "type":"text/html", "title":"Station details in OSCAR"},{"rel":"convertedfrom", "href":"https://api.weather.gc.ca/collections/climate-stations/items/6145504", "type":"text/html", "title":"Source of data"}]|SRID=4326;POINT( -80.750000  43.983333)|414.5|0-20000-0-71631|http://codes.wmo.int/wmdr/FacilityType/landFixed|1992-12-02 00:00:00|2023-02-15 08:30:09|http://codes.wmo.int/wmdr/WMORegion/northCentralAmericaCaribbean|http://codes.wmo.int/wmdr/TerritoryName/CAN|1994-02-01 02:00:00|2023-02-15 08:30:09|1|2023-02-16 22:56:48+0100|1|1|Initial download and ingest from ECCC|NA
61219J2|COVE ISLAND (AUT)|COVE ISLAND (AUT)|[{"rel":"canonical", "href":"https://oscar.wmo.int/surface/#/search/station/stationReportDetails/0-20000-0-71439", "type":"text/html", "title":"Station details in OSCAR"},{"rel":"convertedfrom", "href":"https://api.weather.gc.ca/collections/climate-stations/items/61219J2", "type":"text/html", "title":"Source of data"}]|SRID=4326;POINT( -81.733333  45.333333)|180.7|0-20000-0-71439|http://codes.wmo.int/wmdr/FacilityType/landFixed|1994-02-01 01:26:00|2021-05-11 09:00:00|http://codes.wmo.int/wmdr/WMORegion/northCentralAmericaCaribbean|http://codes.wmo.int/wmdr/TerritoryName/CAN|1994-02-01 01:26:00|2021-05-11 09:00:00|1|2023-02-16 22:56:48+0100|1|1|Initial download and ingest from ECCC|NA
6106000|OTTAWA MACDONALD-CARTIER INT'L A|OTTAWA MACDONALD-CARTIER INT'L A|[{"rel":"canonical", "href":"https://oscar.wmo.int/surface/#/search/station/stationReportDetails/0-20000-0-71628", "type":"text/html", "title":"Station details in OSCAR"},{"rel":"convertedfrom", "href":"https://api.weather.gc.ca/collections/climate-stations/items/6106000", "type":"text/html", "title":"Source of data"}]|SRID=4326;POINT( -75.669167  45.322500)|114|0-20000-0-71628|http://codes.wmo.int/wmdr/FacilityType/landFixed|1938-01-01 00:00:00|2011-12-15 13:00:00|http://codes.wmo.int/wmdr/WMORegion/northCentralAmericaCaribbean|http://codes.wmo.int/wmdr/TerritoryName/CAN|1953-01-01 00:00:00|2011-12-15 13:00:00|1|2023-02-16 22:56:48+0100|1|1|Initial download and ingest from ECCC|NA
6100970|BROCKVILLE CLIMATE|BROCKVILLE CLIMATE|[{"rel":"canonical", "href":"https://oscar.wmo.int/surface/#/search/station/stationReportDetails/0-20000-0-71161", "type":"text/html", "title":"Station details in OSCAR"},{"rel":"convertedfrom", "href":"https://api.weather.gc.ca/collections/climate-stations/items/6100970", "type":"text/html", "title":"Source of data"}]|SRID=4326;POINT( -75.748333  44.635278)|120.4|0-20000-0-71161|http://codes.wmo.int/wmdr/FacilityType/landFixed|2008-10-21 10:00:00|2023-02-15 08:30:09|http://codes.wmo.int/wmdr/WMORegion/northCentralAmericaCaribbean|http://codes.wmo.int/wmdr/TerritoryName/CAN|2008-10-21 10:00:00|2023-02-15 08:30:09|1|2023-02-16 22:56:48+0100|1|1|Initial download and ingest from ECCC|NA
6048260|THUNDER BAY|THUNDER BAY|[{"rel":"canonical", "href":"https://oscar.wmo.int/surface/#/search/station/stationReportDetails/0-20000-0-71072", "type":"text/html", "title":"Station details in OSCAR"},{"rel":"convertedfrom", "href":"https://api.weather.gc.ca/collections/climate-stations/items/6048260", "type":"text/html", "title":"Source of data"}]|SRID=4326;POINT( -89.321667  48.371944)|199.3|0-20000-0-71072|http://codes.wmo.int/wmdr/FacilityType/landFixed|2012-02-06 10:00:00|2023-02-15 08:30:09|http://codes.wmo.int/wmdr/WMORegion/northCentralAmericaCaribbean|http://codes.wmo.int/wmdr/TerritoryName/CAN|2012-02-06 10:00:00|2023-02-15 08:30:09|1|2023-02-16 22:56:48+0100|1|1|Initial download and ingest from ECCC|NA
6073976|KAPUSKASING A|KAPUSKASING A|[{"rel":"canonical", "href":"https://oscar.wmo.int/surface/#/search/station/stationReportDetails/0-20000-0-71831", "type":"text/html", "title":"Station details in OSCAR"},{"rel":"convertedfrom", "href":"https://api.weather.gc.ca/collections/climate-stations/items/6073976", "type":"text/html", "title":"Source of data"}]|SRID=4326;POINT( -82.468333  49.411667)|226.5|0-20000-0-71831|http://codes.wmo.int/wmdr/FacilityType/landFixed|2014-09-02 15:00:00|2023-02-15 08:30:09|http://codes.wmo.int/wmdr/WMORegion/northCentralAmericaCaribbean|http://codes.wmo.int/wmdr/TerritoryName/CAN|2014-09-02 15:00:00|2023-02-15 08:30:09|1|2023-02-16 22:56:48+0100|1|1|Initial download and ingest from ECCC|NA
6075543|NAGAGAMI (AUT)|NAGAGAMI (AUT)|[{"rel":"canonical", "href":"https://oscar.wmo.int/surface/#/search/station/stationReportDetails/0-20000-0-71832", "type":"text/html", "title":"Station details in OSCAR"},{"rel":"convertedfrom", "href":"https://api.weather.gc.ca/collections/climate-stations/items/6075543", "type":"text/html", "title":"Source of data"}]|SRID=4326;POINT( -84.163694  49.746833)|264|0-20000-0-71832|http://codes.wmo.int/wmdr/FacilityType/landFixed|1993-01-12 00:00:00|2023-02-15 08:30:09|http://codes.wmo.int/wmdr/WMORegion/northCentralAmericaCaribbean|http://codes.wmo.int/wmdr/TerritoryName/CAN|1994-02-01 02:00:00|2023-02-15 08:30:09|1|2023-02-16 22:56:48+0100|1|1|Initial download and ingest from ECCC|NA
6057592|SAULT STE MARIE A|SAULT STE MARIE A|[{"rel":"canonical", "href":"https://oscar.wmo.int/surface/#/search/station/stationReportDetails/0-20000-0-71260", "type":"text/html", "title":"Station details in OSCAR"},{"rel":"convertedfrom", "href":"https://api.weather.gc.ca/collections/climate-stations/items/6057592", "type":"text/html", "title":"Source of data"}]|SRID=4326;POINT( -84.509444  46.483333)|192|0-20000-0-71260|http://codes.wmo.int/wmdr/FacilityType/landFixed|1945-01-01 00:00:00|2012-03-20 08:00:00|http://codes.wmo.int/wmdr/WMORegion/northCentralAmericaCaribbean|http://codes.wmo.int/wmdr/TerritoryName/CAN|1961-08-01 02:00:00|2012-03-20 08:00:00|1|2023-02-16 22:56:48+0100|1|1|Initial download and ingest from ECCC|NA
6105978|OTTAWA CDA RCS|OTTAWA CDA RCS|[{"rel":"canonical", "href":"https://oscar.wmo.int/surface/#/search/station/stationReportDetails/0-20000-0-71063", "type":"text/html", "title":"Station details in OSCAR"},{"rel":"convertedfrom", "href":"https://api.weather.gc.ca/collections/climate-stations/items/6105978", "type":"text/html", "title":"Source of data"}]|SRID=4326;POINT( -75.716667  45.383333)|79.2|0-20000-0-71063|http://codes.wmo.int/wmdr/FacilityType/landFixed|2000-10-19 00:00:00|2023-02-15 08:30:09|http://codes.wmo.int/wmdr/WMORegion/northCentralAmericaCaribbean|http://codes.wmo.int/wmdr/TerritoryName/CAN|2000-10-19 18:00:00|2023-02-15 08:30:09|1|2023-02-16 22:56:48+0100|1|1|Initial download and ingest from ECCC|NA
6144239|KITCHENER/WATERLOO|KITCHENER/WATERLOO|[{"rel":"canonical", "href":"https://oscar.wmo.int/surface/#/search/station/stationReportDetails/0-20000-0-71368", "type":"text/html", "title":"Station details in OSCAR"},{"rel":"convertedfrom", "href":"https://api.weather.gc.ca/collections/climate-stations/items/6144239", "type":"text/html", "title":"Source of data"}]|SRID=4326;POINT( -80.378611  43.460833)|321.6|0-20000-0-71368|http://codes.wmo.int/wmdr/FacilityType/landFixed|2010-04-06 09:00:00|2023-02-15 08:30:09|http://codes.wmo.int/wmdr/WMORegion/northCentralAmericaCaribbean|http://codes.wmo.int/wmdr/TerritoryName/CAN|2010-04-06 09:00:00|2023-02-15 08:30:09|1|2023-02-16 22:56:48+0100|1|1|Initial download and ingest from ECCC|NA
6092920|GORE BAY CLIMATE|GORE BAY CLIMATE|[{"rel":"canonical", "href":"https://oscar.wmo.int/surface/#/search/station/stationReportDetails/0-20000-0-71956", "type":"text/html", "title":"Station details in OSCAR"},{"rel":"convertedfrom", "href":"https://api.weather.gc.ca/collections/climate-stations/items/6092920", "type":"text/html", "title":"Source of data"}]|SRID=4326;POINT( -82.566667  45.883333)|188.6|0-20000-0-71956|http://codes.wmo.int/wmdr/FacilityType/landFixed|2010-07-09 00:00:00|2023-02-15 08:30:09|http://codes.wmo.int/wmdr/WMORegion/northCentralAmericaCaribbean|http://codes.wmo.int/wmdr/TerritoryName/CAN|2010-07-09 10:00:00|2023-02-15 08:30:09|1|2023-02-16 22:56:48+0100|1|1|Initial download and ingest from ECCC|NA
6153193|HAMILTON A|HAMILTON A|[{"rel":"canonical", "href":"https://oscar.wmo.int/surface/#/search/station/stationReportDetails/0-20000-0-71263", "type":"text/html", "title":"Station details in OSCAR"},{"rel":"convertedfrom", "href":"https://api.weather.gc.ca/collections/climate-stations/items/6153193", "type":"text/html", "title":"Source of data"}]|SRID=4326;POINT( -79.935000  43.173611)|237.7|0-20000-0-71263|http://codes.wmo.int/wmdr/FacilityType/landFixed|2011-12-14 19:00:00|2023-02-15 08:30:09|http://codes.wmo.int/wmdr/WMORegion/northCentralAmericaCaribbean|http://codes.wmo.int/wmdr/TerritoryName/CAN|2011-12-14 19:00:00|2023-02-15 08:30:09|1|2023-02-16 22:56:48+0100|1|1|Initial download and ingest from ECCC|NA
6158731|TORONTO INTL A|TORONTO INTL A|[{"rel":"canonical", "href":"https://oscar.wmo.int/surface/#/search/station/stationReportDetails/0-20000-0-71624", "type":"text/html", "title":"Station details in OSCAR"},{"rel":"convertedfrom", "href":"https://api.weather.gc.ca/collections/climate-stations/items/6158731", "type":"text/html", "title":"Source of data"}]|SRID=4326;POINT( -79.630556  43.676667)|173.4|0-20000-0-71624|http://codes.wmo.int/wmdr/FacilityType/landFixed|2013-06-11 09:00:00|2023-02-15 08:30:09|http://codes.wmo.int/wmdr/WMORegion/northCentralAmericaCaribbean|http://codes.wmo.int/wmdr/TerritoryName/CAN|2013-06-11 09:00:00|2023-02-15 08:30:09|1|2023-02-16 22:56:48+0100|1|1|Initial download and ingest from ECCC|NA
6119499|WIARTON A|WIARTON A|[{"rel":"canonical", "href":"https://oscar.wmo.int/surface/#/search/station/stationReportDetails/0-20000-0-71633", "type":"text/html", "title":"Station details in OSCAR"},{"rel":"convertedfrom", "href":"https://api.weather.gc.ca/collections/climate-stations/items/6119499", "type":"text/html", "title":"Source of data"}]|SRID=4326;POINT( -81.108611  44.744167)|221.9|0-20000-0-71633|http://codes.wmo.int/wmdr/FacilityType/landFixed|2014-11-04 10:00:00|2023-02-15 08:30:09|http://codes.wmo.int/wmdr/WMORegion/northCentralAmericaCaribbean|http://codes.wmo.int/wmdr/TerritoryName/CAN|2014-11-04 10:00:00|2023-02-15 08:30:09|1|2023-02-16 22:56:48+0100|1|1|Initial download and ingest from ECCC|NA
6010740|BIG TROUT LAKE|BIG TROUT LAKE|[{"rel":"canonical", "href":"https://oscar.wmo.int/surface/#/search/station/stationReportDetails/0-20000-0-71208", "type":"text/html", "title":"Station details in OSCAR"},{"rel":"convertedfrom", "href":"https://api.weather.gc.ca/collections/climate-stations/items/6010740", "type":"text/html", "title":"Source of data"}]|SRID=4326;POINT( -89.891667  53.816111)|222.5|0-20000-0-71208|http://codes.wmo.int/wmdr/FacilityType/landFixed|2012-09-28 11:00:00|2023-02-15 08:30:09|http://codes.wmo.int/wmdr/WMORegion/northCentralAmericaCaribbean|http://codes.wmo.int/wmdr/TerritoryName/CAN|2012-09-28 11:00:00|2023-02-15 08:30:09|1|2023-02-16 22:56:48+0100|1|1|Initial download and ingest from ECCC|NA
6016975|RED LAKE A|RED LAKE A|[{"rel":"canonical", "href":"https://oscar.wmo.int/surface/#/search/station/stationReportDetails/0-20000-0-71854", "type":"text/html", "title":"Station details in OSCAR"},{"rel":"convertedfrom", "href":"https://api.weather.gc.ca/collections/climate-stations/items/6016975", "type":"text/html", "title":"Source of data"}]|SRID=4326;POINT( -93.793056  51.066944)|385.9|0-20000-0-71854|http://codes.wmo.int/wmdr/FacilityType/landFixed|1930-01-01 00:00:00|2012-05-10 12:00:00|http://codes.wmo.int/wmdr/WMORegion/northCentralAmericaCaribbean|http://codes.wmo.int/wmdr/TerritoryName/CAN|1953-01-02 09:00:00|2012-05-10 12:00:00|1|2023-02-16 22:56:48+0100|1|1|Initial download and ingest from ECCC|NA
6042718|GERALDTON A|GERALDTON A|[{"rel":"canonical", "href":"https://oscar.wmo.int/surface/#/search/station/stationReportDetails/0-20000-0-71834", "type":"text/html", "title":"Station details in OSCAR"},{"rel":"convertedfrom", "href":"https://api.weather.gc.ca/collections/climate-stations/items/6042718", "type":"text/html", "title":"Source of data"}]|SRID=4326;POINT( -86.988611  49.778611)|348.4|0-20000-0-71834|http://codes.wmo.int/wmdr/FacilityType/landFixed|2016-01-13 09:00:00|2023-02-15 08:30:09|http://codes.wmo.int/wmdr/WMORegion/northCentralAmericaCaribbean|http://codes.wmo.int/wmdr/TerritoryName/CAN|2016-01-13 09:00:00|2023-02-15 08:30:09|1|2023-02-16 22:56:48+0100|1|1|Initial download and ingest from ECCC|NA
6139530|WINDSOR A|WINDSOR A|[{"rel":"canonical", "href":"https://oscar.wmo.int/surface/#/search/station/stationReportDetails/0-20000-0-71538", "type":"text/html", "title":"Station details in OSCAR"},{"rel":"convertedfrom", "href":"https://api.weather.gc.ca/collections/climate-stations/items/6139530", "type":"text/html", "title":"Source of data"}]|SRID=4326;POINT( -82.955278  42.276111)|189.6|0-20000-0-71538|http://codes.wmo.int/wmdr/FacilityType/landFixed|2018-11-02 00:00:00|2023-02-15 08:30:09|http://codes.wmo.int/wmdr/WMORegion/northCentralAmericaCaribbean|http://codes.wmo.int/wmdr/TerritoryName/CAN|2018-11-02 17:00:00|2023-02-15 08:30:09|1|2023-02-16 22:56:48+0100|1|1|Initial download and ingest from ECCC|NA
6075428|MOOSONEE A|MOOSONEE A|[{"rel":"canonical", "href":"https://oscar.wmo.int/surface/#/search/station/stationReportDetails/0-20000-0-71836", "type":"text/html", "title":"Station details in OSCAR"},{"rel":"convertedfrom", "href":"https://api.weather.gc.ca/collections/climate-stations/items/6075428", "type":"text/html", "title":"Source of data"}]|SRID=4326;POINT( -80.607500  51.291389)|9.1|0-20000-0-71836|http://codes.wmo.int/wmdr/FacilityType/landFixed|1994-02-01 05:00:00|2006-03-27 15:00:00|http://codes.wmo.int/wmdr/WMORegion/northCentralAmericaCaribbean|http://codes.wmo.int/wmdr/TerritoryName/CAN|1994-02-01 05:00:00|2006-03-27 15:00:00|1|2023-02-16 22:56:48+0100|1|1|Initial download and ingest from ECCC|NA
605DJ25|KILLARNEY (AUT)|KILLARNEY (AUT)|[{"rel":"canonical", "href":"https://oscar.wmo.int/surface/#/search/station/stationReportDetails/0-20000-0-71460", "type":"text/html", "title":"Station details in OSCAR"},{"rel":"convertedfrom", "href":"https://api.weather.gc.ca/collections/climate-stations/items/605DJ25", "type":"text/html", "title":"Source of data"}]|SRID=4326;POINT( -81.483333  45.966667)|196.3|0-20000-0-71460|http://codes.wmo.int/wmdr/FacilityType/landFixed|1992-12-02 00:00:00|2023-02-15 08:30:09|http://codes.wmo.int/wmdr/WMORegion/northCentralAmericaCaribbean|http://codes.wmo.int/wmdr/TerritoryName/CAN|1994-02-01 02:00:00|2023-02-15 08:30:09|1|2023-02-16 22:56:48+0100|1|1|Initial download and ingest from ECCC|NA
6078285|TIMMINS VICTOR POWER A|TIMMINS VICTOR POWER A|[{"rel":"canonical", "href":"https://oscar.wmo.int/surface/#/search/station/stationReportDetails/0-20000-0-71739", "type":"text/html", "title":"Station details in OSCAR"},{"rel":"convertedfrom", "href":"https://api.weather.gc.ca/collections/climate-stations/items/6078285", "type":"text/html", "title":"Source of data"}]|SRID=4326;POINT( -81.376667  48.569722)|294.7|0-20000-0-71739|http://codes.wmo.int/wmdr/FacilityType/landFixed|1955-01-01 00:00:00|2012-07-12 13:00:00|http://codes.wmo.int/wmdr/WMORegion/northCentralAmericaCaribbean|http://codes.wmo.int/wmdr/TerritoryName/CAN|1955-04-01 00:00:00|2012-07-12 13:00:00|1|2023-02-16 22:56:48+0100|1|1|Initial download and ingest from ECCC|NA
6131983|DELHI CS|DELHI CS|[{"rel":"canonical", "href":"https://oscar.wmo.int/surface/#/search/station/stationReportDetails/0-20000-0-71573", "type":"text/html", "title":"Station details in OSCAR"},{"rel":"convertedfrom", "href":"https://api.weather.gc.ca/collections/climate-stations/items/6131983", "type":"text/html", "title":"Source of data"}]|SRID=4326;POINT( -80.550000  42.866667)|231.7|0-20000-0-71573|http://codes.wmo.int/wmdr/FacilityType/landFixed|1997-06-01 00:00:00|2023-02-15 08:30:09|http://codes.wmo.int/wmdr/WMORegion/northCentralAmericaCaribbean|http://codes.wmo.int/wmdr/TerritoryName/CAN|1999-07-16 19:00:00|2023-02-15 08:30:09|1|2023-02-16 22:56:48+0100|1|1|Initial download and ingest from ECCC|NA
6153301|HAMILTON RBG CS|HAMILTON RBG CS|[{"rel":"canonical", "href":"https://oscar.wmo.int/surface/#/search/station/stationReportDetails/0-20000-0-71297", "type":"text/html", "title":"Station details in OSCAR"},{"rel":"convertedfrom", "href":"https://api.weather.gc.ca/collections/climate-stations/items/6153301", "type":"text/html", "title":"Source of data"}]|SRID=4326;POINT( -79.908333  43.291667)|102|0-20000-0-71297|http://codes.wmo.int/wmdr/FacilityType/landFixed|1997-11-01 00:00:00|2023-02-15 08:30:09|http://codes.wmo.int/wmdr/WMORegion/northCentralAmericaCaribbean|http://codes.wmo.int/wmdr/TerritoryName/CAN|2000-08-17 17:00:00|2023-02-15 08:30:09|1|2023-02-16 22:56:48+0100|1|1|Initial download and ingest from ECCC|NA
6158667|TORONTO CITY CENTRE|TORONTO CITY CENTRE|[{"rel":"canonical", "href":"https://oscar.wmo.int/surface/#/search/station/stationReportDetails/0-20000-0-71265", "type":"text/html", "title":"Station details in OSCAR"},{"rel":"convertedfrom", "href":"https://api.weather.gc.ca/collections/climate-stations/items/6158667", "type":"text/html", "title":"Source of data"}]|SRID=4326;POINT( -79.395000  43.628611)|76.8|0-20000-0-71265|http://codes.wmo.int/wmdr/FacilityType/landFixed|2006-01-01 00:00:00|2014-07-22 00:00:00|http://codes.wmo.int/wmdr/WMORegion/northCentralAmericaCaribbean|http://codes.wmo.int/wmdr/TerritoryName/CAN|2006-01-01 02:00:00|2010-03-02 16:00:00|1|2023-02-16 22:56:48+0100|1|1|Initial download and ingest from ECCC|NA
6104142|KINGSTON CLIMATE|KINGSTON CLIMATE|[{"rel":"canonical", "href":"https://oscar.wmo.int/surface/#/search/station/stationReportDetails/0-20000-0-71820", "type":"text/html", "title":"Station details in OSCAR"},{"rel":"convertedfrom", "href":"https://api.weather.gc.ca/collections/climate-stations/items/6104142", "type":"text/html", "title":"Source of data"}]|SRID=4326;POINT( -76.599444  44.223333)|93|0-20000-0-71820|http://codes.wmo.int/wmdr/FacilityType/landFixed|2008-07-15 00:00:00|2023-02-15 08:30:09|http://codes.wmo.int/wmdr/WMORegion/northCentralAmericaCaribbean|http://codes.wmo.int/wmdr/TerritoryName/CAN|2008-07-15 12:00:00|2023-02-15 08:30:09|1|2023-02-16 22:56:48+0100|1|1|Initial download and ingest from ECCC|NA
6106396|PETAWAWA AWOS 2|PETAWAWA AWOS 2|[{"rel":"canonical", "href":"https://oscar.wmo.int/surface/#/search/station/stationReportDetails/0-20000-0-71625", "type":"text/html", "title":"Station details in OSCAR"},{"rel":"convertedfrom", "href":"https://api.weather.gc.ca/collections/climate-stations/items/6106396", "type":"text/html", "title":"Source of data"}]|SRID=4326;POINT( -77.316667  45.950000)|130.1|0-20000-0-71625|http://codes.wmo.int/wmdr/FacilityType/landFixed|2008-07-02 19:00:00|2022-01-06 04:00:00|http://codes.wmo.int/wmdr/WMORegion/northCentralAmericaCaribbean|http://codes.wmo.int/wmdr/TerritoryName/CAN|2008-07-02 19:00:00|2022-01-06 04:00:00|1|2023-02-16 22:56:48+0100|1|1|Initial download and ingest from ECCC|NA
6072230|EARLTON CLIMATE|EARLTON CLIMATE|[{"rel":"canonical", "href":"https://oscar.wmo.int/surface/#/search/station/stationReportDetails/0-20000-0-71213", "type":"text/html", "title":"Station details in OSCAR"},{"rel":"convertedfrom", "href":"https://api.weather.gc.ca/collections/climate-stations/items/6072230", "type":"text/html", "title":"Source of data"}]|SRID=4326;POINT( -79.848889  47.695000)|243.4|0-20000-0-71213|http://codes.wmo.int/wmdr/FacilityType/landFixed|2008-11-20 00:00:00|2023-02-15 08:30:09|http://codes.wmo.int/wmdr/WMORegion/northCentralAmericaCaribbean|http://codes.wmo.int/wmdr/TerritoryName/CAN|2008-11-20 10:00:00|2023-02-15 08:30:09|1|2023-02-16 22:56:48+0100|1|1|Initial download and ingest from ECCC|NA
6075420|MOOSONEE|MOOSONEE|[{"rel":"canonical", "href":"https://oscar.wmo.int/surface/#/search/station/stationReportDetails/0-20000-0-71398", "type":"text/html", "title":"Station details in OSCAR"},{"rel":"convertedfrom", "href":"https://api.weather.gc.ca/collections/climate-stations/items/6075420", "type":"text/html", "title":"Source of data"}]|SRID=4326;POINT( -80.607778  51.291111)|9.1|0-20000-0-71398|http://codes.wmo.int/wmdr/FacilityType/landFixed|2010-09-20 14:00:00|2023-02-15 08:30:09|http://codes.wmo.int/wmdr/WMORegion/northCentralAmericaCaribbean|http://codes.wmo.int/wmdr/TerritoryName/CAN|2010-09-20 14:00:00|2023-02-15 08:30:09|1|2023-02-16 22:56:48+0100|1|1|Initial download and ingest from ECCC|NA
6072223|EARLTON A|EARLTON A|[{"rel":"canonical", "href":"https://oscar.wmo.int/surface/#/search/station/stationReportDetails/0-20000-0-71684", "type":"text/html", "title":"Station details in OSCAR"},{"rel":"convertedfrom", "href":"https://api.weather.gc.ca/collections/climate-stations/items/6072223", "type":"text/html", "title":"Source of data"}]|SRID=4326;POINT( -79.848889  47.695000)|243.8|0-20000-0-71684|http://codes.wmo.int/wmdr/FacilityType/landFixed|2011-10-17 10:00:00|2023-02-15 08:30:09|http://codes.wmo.int/wmdr/WMORegion/northCentralAmericaCaribbean|http://codes.wmo.int/wmdr/TerritoryName/CAN|2011-10-17 10:00:00|2023-02-15 08:30:09|1|2023-02-16 22:56:48+0100|1|1|Initial download and ingest from ECCC|NA
6059407|WAWA A|WAWA A|[{"rel":"canonical", "href":"https://oscar.wmo.int/surface/#/search/station/stationReportDetails/0-20000-0-71738", "type":"text/html", "title":"Station details in OSCAR"},{"rel":"convertedfrom", "href":"https://api.weather.gc.ca/collections/climate-stations/items/6059407", "type":"text/html", "title":"Source of data"}]|SRID=4326;POINT( -84.786389  47.966944)|287.7|0-20000-0-71738|http://codes.wmo.int/wmdr/FacilityType/landFixed|2014-09-30 10:00:00|2023-02-15 08:30:09|http://codes.wmo.int/wmdr/WMORegion/northCentralAmericaCaribbean|http://codes.wmo.int/wmdr/TerritoryName/CAN|2014-09-30 10:00:00|2023-02-15 08:30:09|1|2023-02-16 22:56:48+0100|1|1|Initial download and ingest from ECCC|NA
